table_name,rowgroup,col,statistic,size,pruning_power
sensor_records,16,0,NONE,208,0.0
sensor_records,17,0,NONE,208,0.0
sensor_records,42,0,NONE,208,0.0
sensor_records,62,0,NONE,208,0.0
sensor_records,106,0,NONE,208,0.0
sensor_records,13,0,NONE,208,0.0
sensor_records,60,0,NONE,208,0.0
sensor_records,75,0,NONE,208,0.0
sensor_records,91,0,NONE,208,0.0
sensor_records,99,0,NONE,208,0.0
sensor_records,1,0,NONE,208,0.0
sensor_records,22,0,NONE,208,0.0
sensor_records,24,0,NONE,208,0.0
sensor_records,72,0,NONE,208,0.0
sensor_records,84,0,NONE,208,0.0
sensor_records,101,0,NONE,208,0.0
sensor_records,115,0,NONE,208,0.0
sensor_records,8,0,NONE,208,0.0
sensor_records,15,0,NONE,208,0.0
sensor_records,64,0,NONE,208,0.0
sensor_records,104,0,NONE,208,0.0
sensor_records,0,0,NONE,208,0.0
sensor_records,25,0,NONE,208,0.0
sensor_records,29,0,NONE,208,0.0
sensor_records,30,0,NONE,208,0.0
sensor_records,37,0,NONE,208,0.0
sensor_records,38,0,NONE,208,0.0
sensor_records,51,0,NONE,208,0.0
sensor_records,98,0,NONE,208,0.0
sensor_records,102,0,NONE,208,0.0
sensor_records,3,0,NONE,208,0.0
sensor_records,5,0,NONE,208,0.0
sensor_records,10,0,NONE,208,0.0
sensor_records,27,0,NONE,208,0.0
sensor_records,46,0,NONE,208,0.0
sensor_records,47,0,NONE,208,0.0
sensor_records,55,0,NONE,208,0.0
sensor_records,59,0,NONE,208,0.0
sensor_records,76,0,NONE,208,0.0
sensor_records,82,0,NONE,208,0.0
sensor_records,88,0,NONE,208,0.0
sensor_records,92,0,NONE,208,0.0
sensor_records,110,0,NONE,208,0.0
sensor_records,116,0,NONE,208,0.0
sensor_records,11,0,NONE,208,0.0
sensor_records,23,0,NONE,208,0.0
sensor_records,45,0,NONE,208,0.0
sensor_records,58,0,NONE,208,0.0
sensor_records,61,0,NONE,208,0.0
sensor_records,87,0,NONE,208,0.0
sensor_records,105,0,NONE,208,0.0
sensor_records,114,0,NONE,208,0.0
sensor_records,117,0,NONE,208,0.0
sensor_records,28,0,NONE,208,0.0
sensor_records,36,0,NONE,208,0.0
sensor_records,43,0,NONE,208,0.0
sensor_records,50,0,NONE,208,0.0
sensor_records,69,0,NONE,208,0.0
sensor_records,73,0,NONE,208,0.0
sensor_records,79,0,NONE,208,0.0
sensor_records,85,0,NONE,208,0.0
sensor_records,94,0,NONE,208,0.0
sensor_records,6,0,NONE,208,0.0
sensor_records,19,0,NONE,208,0.0
sensor_records,52,0,NONE,208,0.0
sensor_records,56,0,NONE,208,0.0
sensor_records,70,0,NONE,208,0.0
sensor_records,86,0,NONE,208,0.0
sensor_records,90,0,NONE,208,0.0
sensor_records,96,0,NONE,208,0.0
sensor_records,113,0,NONE,208,0.0
sensor_records,119,0,NONE,208,0.0
sensor_records,2,0,NONE,208,0.0
sensor_records,7,0,NONE,208,0.0
sensor_records,21,0,NONE,208,0.0
sensor_records,44,0,NONE,208,0.0
sensor_records,53,0,NONE,208,0.0
sensor_records,71,0,NONE,208,0.0
sensor_records,89,0,NONE,208,0.0
sensor_records,118,0,NONE,208,0.0
sensor_records,120,0,NONE,208,0.0
sensor_records,18,0,NONE,208,0.0
sensor_records,32,0,NONE,208,0.0
sensor_records,48,0,NONE,208,0.0
sensor_records,67,0,NONE,208,0.0
sensor_records,93,0,NONE,208,0.0
sensor_records,95,0,NONE,208,0.0
sensor_records,103,0,NONE,208,0.0
sensor_records,108,0,NONE,208,0.0
sensor_records,111,0,NONE,208,0.0
sensor_records,34,0,NONE,208,0.0
sensor_records,41,0,NONE,208,0.0
sensor_records,54,0,NONE,208,0.0
sensor_records,57,0,NONE,208,0.0
sensor_records,68,0,NONE,208,0.0
sensor_records,81,0,NONE,208,0.0
sensor_records,121,0,NONE,208,0.0
sensor_records,4,0,NONE,208,0.0
sensor_records,33,0,NONE,208,0.0
sensor_records,35,0,NONE,208,0.0
sensor_records,66,0,NONE,208,0.0
sensor_records,77,0,NONE,208,0.0
sensor_records,80,0,NONE,208,0.0
sensor_records,100,0,NONE,208,0.0
sensor_records,109,0,NONE,208,0.0
sensor_records,112,0,NONE,208,0.0
sensor_records,20,0,NONE,208,0.0
sensor_records,83,0,NONE,208,0.0
sensor_records,97,0,NONE,208,0.0
sensor_records,107,0,NONE,208,0.0
sensor_records,9,0,NONE,208,0.0
sensor_records,14,0,NONE,208,0.0
sensor_records,31,0,NONE,208,0.0
sensor_records,39,0,NONE,208,0.0
sensor_records,63,0,NONE,208,0.0
sensor_records,65,0,NONE,208,0.0
sensor_records,74,0,NONE,208,0.0
sensor_records,12,0,NONE,208,0.0
sensor_records,26,0,NONE,208,0.0
sensor_records,40,0,NONE,208,0.0
sensor_records,49,0,NONE,208,0.0
sensor_records,78,0,NONE,208,0.0
sensor_records,6,0,MIN_MAX,280,0.031578947
sensor_records,19,0,MIN_MAX,280,0.12631579
sensor_records,52,0,MIN_MAX,280,0.34736842
sensor_records,56,0,MIN_MAX,280,0.34736842
sensor_records,70,0,MIN_MAX,280,0.49473685
sensor_records,86,0,MIN_MAX,280,0.6421053
sensor_records,90,0,MIN_MAX,280,0.6526316
sensor_records,96,0,MIN_MAX,280,0.7157895
sensor_records,113,0,MIN_MAX,280,0.9263158
sensor_records,119,0,MIN_MAX,280,0.97894734
sensor_records,28,0,MIN_MAX,280,0.21052632
sensor_records,36,0,MIN_MAX,280,0.2736842
sensor_records,43,0,MIN_MAX,280,0.28421053
sensor_records,50,0,MIN_MAX,280,0.30526316
sensor_records,69,0,MIN_MAX,280,0.49473685
sensor_records,73,0,MIN_MAX,280,0.5263158
sensor_records,79,0,MIN_MAX,280,0.55789477
sensor_records,85,0,MIN_MAX,280,0.6421053
sensor_records,94,0,MIN_MAX,280,1.0
sensor_records,8,0,MIN_MAX,280,0.031578947
sensor_records,15,0,MIN_MAX,280,0.10526316
sensor_records,64,0,MIN_MAX,280,0.44210526
sensor_records,104,0,MIN_MAX,280,0.76842105
sensor_records,11,0,MIN_MAX,280,1.0
sensor_records,23,0,MIN_MAX,280,0.1368421
sensor_records,45,0,MIN_MAX,280,0.28421053
sensor_records,58,0,MIN_MAX,280,0.36842105
sensor_records,61,0,MIN_MAX,280,0.4105263
sensor_records,87,0,MIN_MAX,280,0.6421053
sensor_records,105,0,MIN_MAX,280,0.96842104
sensor_records,114,0,MIN_MAX,280,0.9263158
sensor_records,117,0,MIN_MAX,280,0.96842104
sensor_records,3,0,MIN_MAX,280,0.021052632
sensor_records,5,0,MIN_MAX,280,0.9894737
sensor_records,10,0,MIN_MAX,280,0.042105265
sensor_records,27,0,MIN_MAX,280,0.9894737
sensor_records,46,0,MIN_MAX,280,0.28421053
sensor_records,47,0,MIN_MAX,280,0.28421053
sensor_records,55,0,MIN_MAX,280,1.0
sensor_records,59,0,MIN_MAX,280,0.36842105
sensor_records,76,0,MIN_MAX,280,0.5368421
sensor_records,82,0,MIN_MAX,280,0.96842104
sensor_records,88,0,MIN_MAX,280,1.0
sensor_records,92,0,MIN_MAX,280,0.67368424
sensor_records,110,0,MIN_MAX,280,0.97894734
sensor_records,116,0,MIN_MAX,280,0.96842104
sensor_records,13,0,MIN_MAX,280,0.07368421
sensor_records,60,0,MIN_MAX,280,0.96842104
sensor_records,75,0,MIN_MAX,280,0.5368421
sensor_records,91,0,MIN_MAX,280,0.6631579
sensor_records,99,0,MIN_MAX,280,1.0
sensor_records,4,0,MIN_MAX,280,0.021052632
sensor_records,33,0,MIN_MAX,280,0.9894737
sensor_records,35,0,MIN_MAX,280,0.2631579
sensor_records,66,0,MIN_MAX,280,1.0
sensor_records,77,0,MIN_MAX,280,0.97894734
sensor_records,80,0,MIN_MAX,280,0.55789477
sensor_records,100,0,MIN_MAX,280,0.7473684
sensor_records,109,0,MIN_MAX,280,0.8736842
sensor_records,112,0,MIN_MAX,280,0.9157895
sensor_records,9,0,MIN_MAX,280,0.031578947
sensor_records,14,0,MIN_MAX,280,0.10526316
sensor_records,31,0,MIN_MAX,280,0.22105263
sensor_records,39,0,MIN_MAX,280,0.28421053
sensor_records,63,0,MIN_MAX,280,0.44210526
sensor_records,65,0,MIN_MAX,280,0.4631579
sensor_records,74,0,MIN_MAX,280,0.5368421
sensor_records,1,0,MIN_MAX,280,0.0
sensor_records,22,0,MIN_MAX,280,1.0
sensor_records,24,0,MIN_MAX,280,0.14736842
sensor_records,72,0,MIN_MAX,280,0.51578945
sensor_records,84,0,MIN_MAX,280,0.6315789
sensor_records,101,0,MIN_MAX,280,0.75789475
sensor_records,115,0,MIN_MAX,280,0.9368421
sensor_records,20,0,MIN_MAX,280,0.12631579
sensor_records,83,0,MIN_MAX,280,0.6315789
sensor_records,97,0,MIN_MAX,280,0.7263158
sensor_records,107,0,MIN_MAX,280,0.84210527
sensor_records,2,0,MIN_MAX,280,0.021052632
sensor_records,7,0,MIN_MAX,280,0.031578947
sensor_records,21,0,MIN_MAX,280,0.1368421
sensor_records,44,0,MIN_MAX,280,1.0
sensor_records,53,0,MIN_MAX,280,0.34736842
sensor_records,71,0,MIN_MAX,280,0.9894737
sensor_records,89,0,MIN_MAX,280,0.6526316
sensor_records,118,0,MIN_MAX,280,0.96842104
sensor_records,120,0,MIN_MAX,280,0.97894734
sensor_records,34,0,MIN_MAX,280,0.23157895
sensor_records,41,0,MIN_MAX,280,0.28421053
sensor_records,54,0,MIN_MAX,280,0.34736842
sensor_records,57,0,MIN_MAX,280,0.34736842
sensor_records,68,0,MIN_MAX,280,0.48421052
sensor_records,81,0,MIN_MAX,280,0.57894737
sensor_records,121,0,MIN_MAX,280,0.97894734
sensor_records,18,0,MIN_MAX,280,0.12631579
sensor_records,32,0,MIN_MAX,280,0.22105263
sensor_records,48,0,MIN_MAX,280,0.29473683
sensor_records,67,0,MIN_MAX,280,0.48421052
sensor_records,93,0,MIN_MAX,280,0.68421054
sensor_records,95,0,MIN_MAX,280,0.70526314
sensor_records,103,0,MIN_MAX,280,0.76842105
sensor_records,108,0,MIN_MAX,280,0.85263157
sensor_records,111,0,MIN_MAX,280,0.9157895
sensor_records,16,0,MIN_MAX,280,0.9894737
sensor_records,17,0,MIN_MAX,280,0.11578947
sensor_records,42,0,MIN_MAX,280,0.28421053
sensor_records,62,0,MIN_MAX,280,0.44210526
sensor_records,106,0,MIN_MAX,280,0.83157897
sensor_records,0,0,MIN_MAX,280,1.0
sensor_records,25,0,MIN_MAX,280,0.17894737
sensor_records,29,0,MIN_MAX,280,0.22105263
sensor_records,30,0,MIN_MAX,280,0.22105263
sensor_records,37,0,MIN_MAX,280,0.2736842
sensor_records,38,0,MIN_MAX,280,1.0
sensor_records,51,0,MIN_MAX,280,0.34736842
sensor_records,98,0,MIN_MAX,280,0.7368421
sensor_records,102,0,MIN_MAX,280,0.75789475
sensor_records,12,0,MIN_MAX,280,0.06315789
sensor_records,26,0,MIN_MAX,280,0.18947369
sensor_records,40,0,MIN_MAX,280,0.28421053
sensor_records,49,0,MIN_MAX,280,1.0
sensor_records,78,0,MIN_MAX,280,0.55789477
sensor_records,6,0,CLUSTER_SMALL,424,1.0
sensor_records,19,0,CLUSTER_SMALL,424,1.0
sensor_records,52,0,CLUSTER_SMALL,424,1.0
sensor_records,56,0,CLUSTER_SMALL,424,1.0
sensor_records,70,0,CLUSTER_SMALL,424,0.9894737
sensor_records,86,0,CLUSTER_SMALL,424,1.0
sensor_records,90,0,CLUSTER_SMALL,424,0.9894737
sensor_records,96,0,CLUSTER_SMALL,424,0.9894737
sensor_records,113,0,CLUSTER_SMALL,424,1.0
sensor_records,119,0,CLUSTER_SMALL,424,1.0
sensor_records,11,0,CLUSTER_SMALL,424,1.0
sensor_records,23,0,CLUSTER_SMALL,424,0.9894737
sensor_records,45,0,CLUSTER_SMALL,424,1.0
sensor_records,58,0,CLUSTER_SMALL,424,1.0
sensor_records,61,0,CLUSTER_SMALL,424,0.96842104
sensor_records,87,0,CLUSTER_SMALL,424,0.9894737
sensor_records,105,0,CLUSTER_SMALL,424,0.96842104
sensor_records,114,0,CLUSTER_SMALL,424,0.9894737
sensor_records,117,0,CLUSTER_SMALL,424,1.0
sensor_records,28,0,CLUSTER_SMALL,424,0.9894737
sensor_records,36,0,CLUSTER_SMALL,424,1.0
sensor_records,43,0,CLUSTER_SMALL,424,1.0
sensor_records,50,0,CLUSTER_SMALL,424,0.95789474
sensor_records,69,0,CLUSTER_SMALL,424,1.0
sensor_records,73,0,CLUSTER_SMALL,424,0.9894737
sensor_records,79,0,CLUSTER_SMALL,424,1.0
sensor_records,85,0,CLUSTER_SMALL,424,1.0
sensor_records,94,0,CLUSTER_SMALL,424,1.0
sensor_records,3,0,CLUSTER_SMALL,424,1.0
sensor_records,5,0,CLUSTER_SMALL,424,0.9894737
sensor_records,10,0,CLUSTER_SMALL,424,0.97894734
sensor_records,27,0,CLUSTER_SMALL,424,0.9894737
sensor_records,46,0,CLUSTER_SMALL,424,1.0
sensor_records,47,0,CLUSTER_SMALL,424,0.9894737
sensor_records,55,0,CLUSTER_SMALL,424,1.0
sensor_records,59,0,CLUSTER_SMALL,424,0.9894737
sensor_records,76,0,CLUSTER_SMALL,424,1.0
sensor_records,82,0,CLUSTER_SMALL,424,0.96842104
sensor_records,88,0,CLUSTER_SMALL,424,1.0
sensor_records,92,0,CLUSTER_SMALL,424,0.9894737
sensor_records,110,0,CLUSTER_SMALL,424,0.97894734
sensor_records,116,0,CLUSTER_SMALL,424,0.96842104
sensor_records,2,0,CLUSTER_SMALL,424,1.0
sensor_records,7,0,CLUSTER_SMALL,424,1.0
sensor_records,21,0,CLUSTER_SMALL,424,1.0
sensor_records,44,0,CLUSTER_SMALL,424,1.0
sensor_records,53,0,CLUSTER_SMALL,424,1.0
sensor_records,71,0,CLUSTER_SMALL,424,0.9894737
sensor_records,89,0,CLUSTER_SMALL,424,1.0
sensor_records,118,0,CLUSTER_SMALL,424,0.9894737
sensor_records,120,0,CLUSTER_SMALL,424,1.0
sensor_records,16,0,CLUSTER_SMALL,424,0.9894737
sensor_records,17,0,CLUSTER_SMALL,424,0.9894737
sensor_records,42,0,CLUSTER_SMALL,424,1.0
sensor_records,62,0,CLUSTER_SMALL,424,1.0
sensor_records,106,0,CLUSTER_SMALL,424,0.9894737
sensor_records,12,0,CLUSTER_SMALL,424,0.9894737
sensor_records,26,0,CLUSTER_SMALL,424,0.9894737
sensor_records,40,0,CLUSTER_SMALL,424,1.0
sensor_records,49,0,CLUSTER_SMALL,424,1.0
sensor_records,78,0,CLUSTER_SMALL,424,1.0
sensor_records,13,0,CLUSTER_SMALL,424,0.96842104
sensor_records,60,0,CLUSTER_SMALL,424,0.96842104
sensor_records,75,0,CLUSTER_SMALL,424,1.0
sensor_records,91,0,CLUSTER_SMALL,424,0.9894737
sensor_records,99,0,CLUSTER_SMALL,424,1.0
sensor_records,34,0,CLUSTER_SMALL,424,0.96842104
sensor_records,41,0,CLUSTER_SMALL,424,1.0
sensor_records,54,0,CLUSTER_SMALL,424,1.0
sensor_records,57,0,CLUSTER_SMALL,424,0.97894734
sensor_records,68,0,CLUSTER_SMALL,424,0.9894737
sensor_records,81,0,CLUSTER_SMALL,424,0.97894734
sensor_records,121,0,CLUSTER_SMALL,424,0.97894734
sensor_records,0,0,CLUSTER_SMALL,424,1.0
sensor_records,25,0,CLUSTER_SMALL,424,0.9894737
sensor_records,29,0,CLUSTER_SMALL,424,1.0
sensor_records,30,0,CLUSTER_SMALL,424,1.0
sensor_records,37,0,CLUSTER_SMALL,424,0.9894737
sensor_records,38,0,CLUSTER_SMALL,424,1.0
sensor_records,51,0,CLUSTER_SMALL,424,1.0
sensor_records,98,0,CLUSTER_SMALL,424,0.9894737
sensor_records,102,0,CLUSTER_SMALL,424,0.9894737
sensor_records,4,0,CLUSTER_SMALL,424,1.0
sensor_records,33,0,CLUSTER_SMALL,424,0.9894737
sensor_records,35,0,CLUSTER_SMALL,424,0.9894737
sensor_records,66,0,CLUSTER_SMALL,424,1.0
sensor_records,77,0,CLUSTER_SMALL,424,0.97894734
sensor_records,80,0,CLUSTER_SMALL,424,0.97894734
sensor_records,100,0,CLUSTER_SMALL,424,0.9894737
sensor_records,109,0,CLUSTER_SMALL,424,0.97894734
sensor_records,112,0,CLUSTER_SMALL,424,0.9894737
sensor_records,9,0,CLUSTER_SMALL,424,0.9894737
sensor_records,14,0,CLUSTER_SMALL,424,1.0
sensor_records,31,0,CLUSTER_SMALL,424,1.0
sensor_records,39,0,CLUSTER_SMALL,424,1.0
sensor_records,63,0,CLUSTER_SMALL,424,1.0
sensor_records,65,0,CLUSTER_SMALL,424,0.97894734
sensor_records,74,0,CLUSTER_SMALL,424,1.0
sensor_records,8,0,CLUSTER_SMALL,424,1.0
sensor_records,15,0,CLUSTER_SMALL,424,1.0
sensor_records,64,0,CLUSTER_SMALL,424,0.97894734
sensor_records,104,0,CLUSTER_SMALL,424,0.96842104
sensor_records,20,0,CLUSTER_SMALL,424,0.9894737
sensor_records,83,0,CLUSTER_SMALL,424,1.0
sensor_records,97,0,CLUSTER_SMALL,424,0.9894737
sensor_records,107,0,CLUSTER_SMALL,424,0.9894737
sensor_records,18,0,CLUSTER_SMALL,424,1.0
sensor_records,32,0,CLUSTER_SMALL,424,1.0
sensor_records,48,0,CLUSTER_SMALL,424,0.9894737
sensor_records,67,0,CLUSTER_SMALL,424,1.0
sensor_records,93,0,CLUSTER_SMALL,424,0.97894734
sensor_records,95,0,CLUSTER_SMALL,424,0.9894737
sensor_records,103,0,CLUSTER_SMALL,424,1.0
sensor_records,108,0,CLUSTER_SMALL,424,0.97894734
sensor_records,111,0,CLUSTER_SMALL,424,1.0
sensor_records,1,0,CLUSTER_SMALL,424,0.97894734
sensor_records,22,0,CLUSTER_SMALL,424,1.0
sensor_records,24,0,CLUSTER_SMALL,424,0.96842104
sensor_records,72,0,CLUSTER_SMALL,424,0.9894737
sensor_records,84,0,CLUSTER_SMALL,424,0.9894737
sensor_records,101,0,CLUSTER_SMALL,424,1.0
sensor_records,115,0,CLUSTER_SMALL,424,1.0
sensor_records,11,0,CLUSTER_MEDIUM,1064,1.0
sensor_records,23,0,CLUSTER_MEDIUM,1064,0.9894737
sensor_records,45,0,CLUSTER_MEDIUM,1064,1.0
sensor_records,58,0,CLUSTER_MEDIUM,1064,1.0
sensor_records,61,0,CLUSTER_MEDIUM,1064,0.96842104
sensor_records,87,0,CLUSTER_MEDIUM,1064,0.9894737
sensor_records,105,0,CLUSTER_MEDIUM,1064,0.96842104
sensor_records,114,0,CLUSTER_MEDIUM,1064,0.9894737
sensor_records,117,0,CLUSTER_MEDIUM,1064,1.0
sensor_records,28,0,CLUSTER_MEDIUM,1064,0.9894737
sensor_records,36,0,CLUSTER_MEDIUM,1064,1.0
sensor_records,43,0,CLUSTER_MEDIUM,1064,1.0
sensor_records,50,0,CLUSTER_MEDIUM,1064,0.95789474
sensor_records,69,0,CLUSTER_MEDIUM,1064,1.0
sensor_records,73,0,CLUSTER_MEDIUM,1064,0.9894737
sensor_records,79,0,CLUSTER_MEDIUM,1064,1.0
sensor_records,85,0,CLUSTER_MEDIUM,1064,1.0
sensor_records,94,0,CLUSTER_MEDIUM,1064,1.0
sensor_records,2,0,CLUSTER_MEDIUM,1064,1.0
sensor_records,7,0,CLUSTER_MEDIUM,1064,1.0
sensor_records,21,0,CLUSTER_MEDIUM,1064,1.0
sensor_records,44,0,CLUSTER_MEDIUM,1064,1.0
sensor_records,53,0,CLUSTER_MEDIUM,1064,1.0
sensor_records,71,0,CLUSTER_MEDIUM,1064,0.9894737
sensor_records,89,0,CLUSTER_MEDIUM,1064,1.0
sensor_records,118,0,CLUSTER_MEDIUM,1064,0.9894737
sensor_records,120,0,CLUSTER_MEDIUM,1064,1.0
sensor_records,34,0,CLUSTER_MEDIUM,1064,0.96842104
sensor_records,41,0,CLUSTER_MEDIUM,1064,1.0
sensor_records,54,0,CLUSTER_MEDIUM,1064,1.0
sensor_records,57,0,CLUSTER_MEDIUM,1064,0.97894734
sensor_records,68,0,CLUSTER_MEDIUM,1064,0.9894737
sensor_records,81,0,CLUSTER_MEDIUM,1064,0.97894734
sensor_records,121,0,CLUSTER_MEDIUM,1064,0.97894734
sensor_records,0,0,CLUSTER_MEDIUM,1064,1.0
sensor_records,25,0,CLUSTER_MEDIUM,1064,0.9894737
sensor_records,29,0,CLUSTER_MEDIUM,1064,1.0
sensor_records,30,0,CLUSTER_MEDIUM,1064,1.0
sensor_records,37,0,CLUSTER_MEDIUM,1064,0.9894737
sensor_records,38,0,CLUSTER_MEDIUM,1064,1.0
sensor_records,51,0,CLUSTER_MEDIUM,1064,1.0
sensor_records,98,0,CLUSTER_MEDIUM,1064,0.9894737
sensor_records,102,0,CLUSTER_MEDIUM,1064,0.9894737
sensor_records,4,0,CLUSTER_MEDIUM,1064,1.0
sensor_records,33,0,CLUSTER_MEDIUM,1064,0.9894737
sensor_records,35,0,CLUSTER_MEDIUM,1064,0.9894737
sensor_records,66,0,CLUSTER_MEDIUM,1064,1.0
sensor_records,77,0,CLUSTER_MEDIUM,1064,0.97894734
sensor_records,80,0,CLUSTER_MEDIUM,1064,0.97894734
sensor_records,100,0,CLUSTER_MEDIUM,1064,0.9894737
sensor_records,109,0,CLUSTER_MEDIUM,1064,0.9894737
sensor_records,112,0,CLUSTER_MEDIUM,1064,0.9894737
sensor_records,20,0,CLUSTER_MEDIUM,1064,0.9894737
sensor_records,83,0,CLUSTER_MEDIUM,1064,1.0
sensor_records,97,0,CLUSTER_MEDIUM,1064,0.9894737
sensor_records,107,0,CLUSTER_MEDIUM,1064,0.9894737
sensor_records,1,0,CLUSTER_MEDIUM,1064,0.97894734
sensor_records,22,0,CLUSTER_MEDIUM,1064,1.0
sensor_records,24,0,CLUSTER_MEDIUM,1064,0.96842104
sensor_records,72,0,CLUSTER_MEDIUM,1064,0.9894737
sensor_records,84,0,CLUSTER_MEDIUM,1064,0.9894737
sensor_records,101,0,CLUSTER_MEDIUM,1064,1.0
sensor_records,115,0,CLUSTER_MEDIUM,1064,1.0
sensor_records,12,0,CLUSTER_MEDIUM,1064,0.9894737
sensor_records,26,0,CLUSTER_MEDIUM,1064,0.9894737
sensor_records,40,0,CLUSTER_MEDIUM,1064,1.0
sensor_records,49,0,CLUSTER_MEDIUM,1064,1.0
sensor_records,78,0,CLUSTER_MEDIUM,1064,1.0
sensor_records,3,0,CLUSTER_MEDIUM,1064,1.0
sensor_records,5,0,CLUSTER_MEDIUM,1064,0.9894737
sensor_records,10,0,CLUSTER_MEDIUM,1064,0.97894734
sensor_records,27,0,CLUSTER_MEDIUM,1064,0.9894737
sensor_records,46,0,CLUSTER_MEDIUM,1064,1.0
sensor_records,47,0,CLUSTER_MEDIUM,1064,0.9894737
sensor_records,55,0,CLUSTER_MEDIUM,1064,1.0
sensor_records,59,0,CLUSTER_MEDIUM,1064,0.9894737
sensor_records,76,0,CLUSTER_MEDIUM,1064,1.0
sensor_records,82,0,CLUSTER_MEDIUM,1064,0.96842104
sensor_records,88,0,CLUSTER_MEDIUM,1064,1.0
sensor_records,92,0,CLUSTER_MEDIUM,1064,0.9894737
sensor_records,110,0,CLUSTER_MEDIUM,1064,0.97894734
sensor_records,116,0,CLUSTER_MEDIUM,1064,0.96842104
sensor_records,9,0,CLUSTER_MEDIUM,1064,0.9894737
sensor_records,14,0,CLUSTER_MEDIUM,1064,1.0
sensor_records,31,0,CLUSTER_MEDIUM,1064,1.0
sensor_records,39,0,CLUSTER_MEDIUM,1064,1.0
sensor_records,63,0,CLUSTER_MEDIUM,1064,1.0
sensor_records,65,0,CLUSTER_MEDIUM,1064,0.97894734
sensor_records,74,0,CLUSTER_MEDIUM,1064,1.0
sensor_records,8,0,CLUSTER_MEDIUM,1064,1.0
sensor_records,15,0,CLUSTER_MEDIUM,1064,1.0
sensor_records,64,0,CLUSTER_MEDIUM,1064,0.97894734
sensor_records,104,0,CLUSTER_MEDIUM,1064,0.96842104
sensor_records,6,0,CLUSTER_MEDIUM,1064,1.0
sensor_records,19,0,CLUSTER_MEDIUM,1064,1.0
sensor_records,52,0,CLUSTER_MEDIUM,1064,1.0
sensor_records,56,0,CLUSTER_MEDIUM,1064,1.0
sensor_records,70,0,CLUSTER_MEDIUM,1064,0.9894737
sensor_records,86,0,CLUSTER_MEDIUM,1064,1.0
sensor_records,90,0,CLUSTER_MEDIUM,1064,0.9894737
sensor_records,96,0,CLUSTER_MEDIUM,1064,0.9894737
sensor_records,113,0,CLUSTER_MEDIUM,1064,1.0
sensor_records,119,0,CLUSTER_MEDIUM,1064,1.0
sensor_records,13,0,CLUSTER_MEDIUM,1064,0.96842104
sensor_records,60,0,CLUSTER_MEDIUM,1064,0.96842104
sensor_records,75,0,CLUSTER_MEDIUM,1064,1.0
sensor_records,91,0,CLUSTER_MEDIUM,1064,0.9894737
sensor_records,99,0,CLUSTER_MEDIUM,1064,1.0
sensor_records,18,0,CLUSTER_MEDIUM,1064,1.0
sensor_records,32,0,CLUSTER_MEDIUM,1064,1.0
sensor_records,48,0,CLUSTER_MEDIUM,1064,0.9894737
sensor_records,67,0,CLUSTER_MEDIUM,1064,1.0
sensor_records,93,0,CLUSTER_MEDIUM,1064,0.97894734
sensor_records,95,0,CLUSTER_MEDIUM,1064,0.9894737
sensor_records,103,0,CLUSTER_MEDIUM,1064,1.0
sensor_records,108,0,CLUSTER_MEDIUM,1064,0.9894737
sensor_records,111,0,CLUSTER_MEDIUM,1064,1.0
sensor_records,16,0,CLUSTER_MEDIUM,1064,0.9894737
sensor_records,17,0,CLUSTER_MEDIUM,1064,0.9894737
sensor_records,42,0,CLUSTER_MEDIUM,1064,1.0
sensor_records,62,0,CLUSTER_MEDIUM,1064,1.0
sensor_records,106,0,CLUSTER_MEDIUM,1064,0.9894737
sensor_records,12,0,CLUSTER_LARGE,3464,0.9894737
sensor_records,26,0,CLUSTER_LARGE,3464,0.9894737
sensor_records,40,0,CLUSTER_LARGE,3464,1.0
sensor_records,49,0,CLUSTER_LARGE,3464,1.0
sensor_records,78,0,CLUSTER_LARGE,3464,1.0
sensor_records,1,0,CLUSTER_LARGE,3464,0.9894737
sensor_records,22,0,CLUSTER_LARGE,3464,1.0
sensor_records,24,0,CLUSTER_LARGE,3464,0.96842104
sensor_records,72,0,CLUSTER_LARGE,3464,0.9894737
sensor_records,84,0,CLUSTER_LARGE,3464,0.9894737
sensor_records,101,0,CLUSTER_LARGE,3464,1.0
sensor_records,115,0,CLUSTER_LARGE,3464,1.0
sensor_records,20,0,CLUSTER_LARGE,3464,0.9894737
sensor_records,83,0,CLUSTER_LARGE,3464,1.0
sensor_records,97,0,CLUSTER_LARGE,3464,0.9894737
sensor_records,107,0,CLUSTER_LARGE,3464,0.9894737
sensor_records,11,0,CLUSTER_LARGE,3464,1.0
sensor_records,23,0,CLUSTER_LARGE,3464,0.9894737
sensor_records,45,0,CLUSTER_LARGE,3464,1.0
sensor_records,58,0,CLUSTER_LARGE,3464,1.0
sensor_records,61,0,CLUSTER_LARGE,3464,0.97894734
sensor_records,87,0,CLUSTER_LARGE,3464,0.9894737
sensor_records,105,0,CLUSTER_LARGE,3464,0.96842104
sensor_records,114,0,CLUSTER_LARGE,3464,0.9894737
sensor_records,117,0,CLUSTER_LARGE,3464,1.0
sensor_records,9,0,CLUSTER_LARGE,3464,0.9894737
sensor_records,14,0,CLUSTER_LARGE,3464,1.0
sensor_records,31,0,CLUSTER_LARGE,3464,1.0
sensor_records,39,0,CLUSTER_LARGE,3464,1.0
sensor_records,63,0,CLUSTER_LARGE,3464,1.0
sensor_records,65,0,CLUSTER_LARGE,3464,0.97894734
sensor_records,74,0,CLUSTER_LARGE,3464,1.0
sensor_records,3,0,CLUSTER_LARGE,3464,1.0
sensor_records,5,0,CLUSTER_LARGE,3464,0.9894737
sensor_records,10,0,CLUSTER_LARGE,3464,0.97894734
sensor_records,27,0,CLUSTER_LARGE,3464,0.9894737
sensor_records,46,0,CLUSTER_LARGE,3464,1.0
sensor_records,47,0,CLUSTER_LARGE,3464,0.9894737
sensor_records,55,0,CLUSTER_LARGE,3464,1.0
sensor_records,59,0,CLUSTER_LARGE,3464,0.9894737
sensor_records,76,0,CLUSTER_LARGE,3464,1.0
sensor_records,82,0,CLUSTER_LARGE,3464,0.97894734
sensor_records,88,0,CLUSTER_LARGE,3464,1.0
sensor_records,92,0,CLUSTER_LARGE,3464,0.9894737
sensor_records,110,0,CLUSTER_LARGE,3464,0.97894734
sensor_records,116,0,CLUSTER_LARGE,3464,0.97894734
sensor_records,6,0,CLUSTER_LARGE,3464,1.0
sensor_records,19,0,CLUSTER_LARGE,3464,1.0
sensor_records,52,0,CLUSTER_LARGE,3464,1.0
sensor_records,56,0,CLUSTER_LARGE,3464,1.0
sensor_records,70,0,CLUSTER_LARGE,3464,0.9894737
sensor_records,86,0,CLUSTER_LARGE,3464,1.0
sensor_records,90,0,CLUSTER_LARGE,3464,0.9894737
sensor_records,96,0,CLUSTER_LARGE,3464,0.9894737
sensor_records,113,0,CLUSTER_LARGE,3464,1.0
sensor_records,119,0,CLUSTER_LARGE,3464,1.0
sensor_records,28,0,CLUSTER_LARGE,3464,0.9894737
sensor_records,36,0,CLUSTER_LARGE,3464,1.0
sensor_records,43,0,CLUSTER_LARGE,3464,1.0
sensor_records,50,0,CLUSTER_LARGE,3464,0.96842104
sensor_records,69,0,CLUSTER_LARGE,3464,1.0
sensor_records,73,0,CLUSTER_LARGE,3464,0.9894737
sensor_records,79,0,CLUSTER_LARGE,3464,1.0
sensor_records,85,0,CLUSTER_LARGE,3464,1.0
sensor_records,94,0,CLUSTER_LARGE,3464,1.0
sensor_records,8,0,CLUSTER_LARGE,3464,1.0
sensor_records,15,0,CLUSTER_LARGE,3464,1.0
sensor_records,64,0,CLUSTER_LARGE,3464,0.97894734
sensor_records,104,0,CLUSTER_LARGE,3464,0.96842104
sensor_records,4,0,CLUSTER_LARGE,3464,1.0
sensor_records,33,0,CLUSTER_LARGE,3464,0.9894737
sensor_records,35,0,CLUSTER_LARGE,3464,1.0
sensor_records,66,0,CLUSTER_LARGE,3464,1.0
sensor_records,77,0,CLUSTER_LARGE,3464,0.97894734
sensor_records,80,0,CLUSTER_LARGE,3464,0.97894734
sensor_records,100,0,CLUSTER_LARGE,3464,0.9894737
sensor_records,109,0,CLUSTER_LARGE,3464,0.9894737
sensor_records,112,0,CLUSTER_LARGE,3464,0.9894737
sensor_records,0,0,CLUSTER_LARGE,3464,1.0
sensor_records,25,0,CLUSTER_LARGE,3464,1.0
sensor_records,29,0,CLUSTER_LARGE,3464,1.0
sensor_records,30,0,CLUSTER_LARGE,3464,1.0
sensor_records,37,0,CLUSTER_LARGE,3464,0.9894737
sensor_records,38,0,CLUSTER_LARGE,3464,1.0
sensor_records,51,0,CLUSTER_LARGE,3464,1.0
sensor_records,98,0,CLUSTER_LARGE,3464,0.9894737
sensor_records,102,0,CLUSTER_LARGE,3464,0.9894737
sensor_records,16,0,CLUSTER_LARGE,3464,0.9894737
sensor_records,17,0,CLUSTER_LARGE,3464,0.9894737
sensor_records,42,0,CLUSTER_LARGE,3464,1.0
sensor_records,62,0,CLUSTER_LARGE,3464,1.0
sensor_records,106,0,CLUSTER_LARGE,3464,0.9894737
sensor_records,2,0,CLUSTER_LARGE,3464,1.0
sensor_records,7,0,CLUSTER_LARGE,3464,1.0
sensor_records,21,0,CLUSTER_LARGE,3464,1.0
sensor_records,44,0,CLUSTER_LARGE,3464,1.0
sensor_records,53,0,CLUSTER_LARGE,3464,1.0
sensor_records,71,0,CLUSTER_LARGE,3464,0.9894737
sensor_records,89,0,CLUSTER_LARGE,3464,1.0
sensor_records,118,0,CLUSTER_LARGE,3464,0.9894737
sensor_records,120,0,CLUSTER_LARGE,3464,1.0
sensor_records,13,0,CLUSTER_LARGE,3464,0.96842104
sensor_records,60,0,CLUSTER_LARGE,3464,0.96842104
sensor_records,75,0,CLUSTER_LARGE,3464,1.0
sensor_records,91,0,CLUSTER_LARGE,3464,0.9894737
sensor_records,99,0,CLUSTER_LARGE,3464,1.0
sensor_records,34,0,CLUSTER_LARGE,3464,0.96842104
sensor_records,41,0,CLUSTER_LARGE,3464,1.0
sensor_records,54,0,CLUSTER_LARGE,3464,1.0
sensor_records,57,0,CLUSTER_LARGE,3464,0.97894734
sensor_records,68,0,CLUSTER_LARGE,3464,1.0
sensor_records,81,0,CLUSTER_LARGE,3464,0.97894734
sensor_records,121,0,CLUSTER_LARGE,3464,0.97894734
sensor_records,18,0,CLUSTER_LARGE,3464,1.0
sensor_records,32,0,CLUSTER_LARGE,3464,1.0
sensor_records,48,0,CLUSTER_LARGE,3464,0.9894737
sensor_records,67,0,CLUSTER_LARGE,3464,1.0
sensor_records,93,0,CLUSTER_LARGE,3464,0.97894734
sensor_records,95,0,CLUSTER_LARGE,3464,0.9894737
sensor_records,103,0,CLUSTER_LARGE,3464,1.0
sensor_records,108,0,CLUSTER_LARGE,3464,0.9894737
sensor_records,111,0,CLUSTER_LARGE,3464,1.0
sensor_records,1,0,BLOOM_SMALL,416,0.0
sensor_records,22,0,BLOOM_SMALL,416,0.0
sensor_records,24,0,BLOOM_SMALL,416,0.0
sensor_records,72,0,BLOOM_SMALL,416,0.0
sensor_records,84,0,BLOOM_SMALL,416,0.0
sensor_records,101,0,BLOOM_SMALL,416,0.0
sensor_records,115,0,BLOOM_SMALL,416,0.0
sensor_records,34,0,BLOOM_SMALL,416,0.0
sensor_records,41,0,BLOOM_SMALL,416,0.0
sensor_records,54,0,BLOOM_SMALL,416,0.0
sensor_records,57,0,BLOOM_SMALL,416,0.0
sensor_records,68,0,BLOOM_SMALL,416,0.010526316
sensor_records,81,0,BLOOM_SMALL,416,0.0
sensor_records,121,0,BLOOM_SMALL,416,0.0
sensor_records,6,0,BLOOM_SMALL,416,0.021052632
sensor_records,19,0,BLOOM_SMALL,416,0.0
sensor_records,52,0,BLOOM_SMALL,416,0.010526316
sensor_records,56,0,BLOOM_SMALL,416,0.0
sensor_records,70,0,BLOOM_SMALL,416,0.0
sensor_records,86,0,BLOOM_SMALL,416,0.0
sensor_records,90,0,BLOOM_SMALL,416,0.010526316
sensor_records,96,0,BLOOM_SMALL,416,0.0
sensor_records,113,0,BLOOM_SMALL,416,0.010526316
sensor_records,119,0,BLOOM_SMALL,416,0.010526316
sensor_records,18,0,BLOOM_SMALL,416,0.0
sensor_records,32,0,BLOOM_SMALL,416,0.0
sensor_records,48,0,BLOOM_SMALL,416,0.0
sensor_records,67,0,BLOOM_SMALL,416,0.0
sensor_records,93,0,BLOOM_SMALL,416,0.0
sensor_records,95,0,BLOOM_SMALL,416,0.0
sensor_records,103,0,BLOOM_SMALL,416,0.0
sensor_records,108,0,BLOOM_SMALL,416,0.010526316
sensor_records,111,0,BLOOM_SMALL,416,0.010526316
sensor_records,3,0,BLOOM_SMALL,416,0.0
sensor_records,5,0,BLOOM_SMALL,416,0.021052632
sensor_records,10,0,BLOOM_SMALL,416,0.010526316
sensor_records,27,0,BLOOM_SMALL,416,0.0
sensor_records,46,0,BLOOM_SMALL,416,0.010526316
sensor_records,47,0,BLOOM_SMALL,416,0.0
sensor_records,55,0,BLOOM_SMALL,416,0.0
sensor_records,59,0,BLOOM_SMALL,416,0.010526316
sensor_records,76,0,BLOOM_SMALL,416,0.0
sensor_records,82,0,BLOOM_SMALL,416,0.021052632
sensor_records,88,0,BLOOM_SMALL,416,0.0
sensor_records,92,0,BLOOM_SMALL,416,0.0
sensor_records,110,0,BLOOM_SMALL,416,0.0
sensor_records,116,0,BLOOM_SMALL,416,0.0
sensor_records,2,0,BLOOM_SMALL,416,0.0
sensor_records,7,0,BLOOM_SMALL,416,0.0
sensor_records,21,0,BLOOM_SMALL,416,0.0
sensor_records,44,0,BLOOM_SMALL,416,0.0
sensor_records,53,0,BLOOM_SMALL,416,0.010526316
sensor_records,71,0,BLOOM_SMALL,416,0.0
sensor_records,89,0,BLOOM_SMALL,416,0.0
sensor_records,118,0,BLOOM_SMALL,416,0.0
sensor_records,120,0,BLOOM_SMALL,416,0.0
sensor_records,16,0,BLOOM_SMALL,416,0.0
sensor_records,17,0,BLOOM_SMALL,416,0.0
sensor_records,42,0,BLOOM_SMALL,416,0.010526316
sensor_records,62,0,BLOOM_SMALL,416,0.0
sensor_records,106,0,BLOOM_SMALL,416,0.0
sensor_records,12,0,BLOOM_SMALL,416,0.0
sensor_records,26,0,BLOOM_SMALL,416,0.0
sensor_records,40,0,BLOOM_SMALL,416,0.0
sensor_records,49,0,BLOOM_SMALL,416,0.0
sensor_records,78,0,BLOOM_SMALL,416,0.0
sensor_records,13,0,BLOOM_SMALL,416,0.0
sensor_records,60,0,BLOOM_SMALL,416,0.0
sensor_records,75,0,BLOOM_SMALL,416,0.010526316
sensor_records,91,0,BLOOM_SMALL,416,0.0
sensor_records,99,0,BLOOM_SMALL,416,0.0
sensor_records,0,0,BLOOM_SMALL,416,0.0
sensor_records,25,0,BLOOM_SMALL,416,0.0
sensor_records,29,0,BLOOM_SMALL,416,0.0
sensor_records,30,0,BLOOM_SMALL,416,0.0
sensor_records,37,0,BLOOM_SMALL,416,0.0
sensor_records,38,0,BLOOM_SMALL,416,0.0
sensor_records,51,0,BLOOM_SMALL,416,0.0
sensor_records,98,0,BLOOM_SMALL,416,0.0
sensor_records,102,0,BLOOM_SMALL,416,0.0
sensor_records,4,0,BLOOM_SMALL,416,0.0
sensor_records,33,0,BLOOM_SMALL,416,0.0
sensor_records,35,0,BLOOM_SMALL,416,0.010526316
sensor_records,66,0,BLOOM_SMALL,416,0.0
sensor_records,77,0,BLOOM_SMALL,416,0.0
sensor_records,80,0,BLOOM_SMALL,416,0.0
sensor_records,100,0,BLOOM_SMALL,416,0.0
sensor_records,109,0,BLOOM_SMALL,416,0.0
sensor_records,112,0,BLOOM_SMALL,416,0.0
sensor_records,8,0,BLOOM_SMALL,416,0.0
sensor_records,15,0,BLOOM_SMALL,416,0.0
sensor_records,64,0,BLOOM_SMALL,416,0.0
sensor_records,104,0,BLOOM_SMALL,416,0.0
sensor_records,20,0,BLOOM_SMALL,416,0.0
sensor_records,83,0,BLOOM_SMALL,416,0.0
sensor_records,97,0,BLOOM_SMALL,416,0.0
sensor_records,107,0,BLOOM_SMALL,416,0.0
sensor_records,9,0,BLOOM_SMALL,416,0.0
sensor_records,14,0,BLOOM_SMALL,416,0.0
sensor_records,31,0,BLOOM_SMALL,416,0.0
sensor_records,39,0,BLOOM_SMALL,416,0.0
sensor_records,63,0,BLOOM_SMALL,416,0.0
sensor_records,65,0,BLOOM_SMALL,416,0.0
sensor_records,74,0,BLOOM_SMALL,416,0.0
sensor_records,28,0,BLOOM_SMALL,416,0.0
sensor_records,36,0,BLOOM_SMALL,416,0.0
sensor_records,43,0,BLOOM_SMALL,416,0.0
sensor_records,50,0,BLOOM_SMALL,416,0.0
sensor_records,69,0,BLOOM_SMALL,416,0.0
sensor_records,73,0,BLOOM_SMALL,416,0.0
sensor_records,79,0,BLOOM_SMALL,416,0.0
sensor_records,85,0,BLOOM_SMALL,416,0.0
sensor_records,94,0,BLOOM_SMALL,416,0.0
sensor_records,11,0,BLOOM_SMALL,416,0.0
sensor_records,23,0,BLOOM_SMALL,416,0.0
sensor_records,45,0,BLOOM_SMALL,416,0.0
sensor_records,58,0,BLOOM_SMALL,416,0.010526316
sensor_records,61,0,BLOOM_SMALL,416,0.0
sensor_records,87,0,BLOOM_SMALL,416,0.0
sensor_records,105,0,BLOOM_SMALL,416,0.010526316
sensor_records,114,0,BLOOM_SMALL,416,0.0
sensor_records,117,0,BLOOM_SMALL,416,0.0
sensor_records,6,0,BLOOM_MEDIUM,1056,0.2631579
sensor_records,19,0,BLOOM_MEDIUM,1056,0.3263158
sensor_records,52,0,BLOOM_MEDIUM,1056,0.33684212
sensor_records,56,0,BLOOM_MEDIUM,1056,0.29473683
sensor_records,70,0,BLOOM_MEDIUM,1056,0.2
sensor_records,86,0,BLOOM_MEDIUM,1056,0.30526316
sensor_records,90,0,BLOOM_MEDIUM,1056,0.25263157
sensor_records,96,0,BLOOM_MEDIUM,1056,0.31578946
sensor_records,113,0,BLOOM_MEDIUM,1056,0.30526316
sensor_records,119,0,BLOOM_MEDIUM,1056,0.35789475
sensor_records,12,0,BLOOM_MEDIUM,1056,0.31578946
sensor_records,26,0,BLOOM_MEDIUM,1056,0.2631579
sensor_records,40,0,BLOOM_MEDIUM,1056,0.31578946
sensor_records,49,0,BLOOM_MEDIUM,1056,0.30526316
sensor_records,78,0,BLOOM_MEDIUM,1056,0.28421053
sensor_records,20,0,BLOOM_MEDIUM,1056,0.29473683
sensor_records,83,0,BLOOM_MEDIUM,1056,0.25263157
sensor_records,97,0,BLOOM_MEDIUM,1056,0.3263158
sensor_records,107,0,BLOOM_MEDIUM,1056,0.25263157
sensor_records,28,0,BLOOM_MEDIUM,1056,0.22105263
sensor_records,36,0,BLOOM_MEDIUM,1056,0.24210526
sensor_records,43,0,BLOOM_MEDIUM,1056,0.3263158
sensor_records,50,0,BLOOM_MEDIUM,1056,0.22105263
sensor_records,69,0,BLOOM_MEDIUM,1056,0.29473683
sensor_records,73,0,BLOOM_MEDIUM,1056,0.30526316
sensor_records,79,0,BLOOM_MEDIUM,1056,0.3263158
sensor_records,85,0,BLOOM_MEDIUM,1056,0.34736842
sensor_records,94,0,BLOOM_MEDIUM,1056,0.2631579
sensor_records,1,0,BLOOM_MEDIUM,1056,0.30526316
sensor_records,22,0,BLOOM_MEDIUM,1056,0.21052632
sensor_records,24,0,BLOOM_MEDIUM,1056,0.3263158
sensor_records,72,0,BLOOM_MEDIUM,1056,0.25263157
sensor_records,84,0,BLOOM_MEDIUM,1056,0.37894738
sensor_records,101,0,BLOOM_MEDIUM,1056,0.25263157
sensor_records,115,0,BLOOM_MEDIUM,1056,0.38947368
sensor_records,4,0,BLOOM_MEDIUM,1056,0.31578946
sensor_records,33,0,BLOOM_MEDIUM,1056,0.2736842
sensor_records,35,0,BLOOM_MEDIUM,1056,0.21052632
sensor_records,66,0,BLOOM_MEDIUM,1056,0.3263158
sensor_records,77,0,BLOOM_MEDIUM,1056,0.31578946
sensor_records,80,0,BLOOM_MEDIUM,1056,0.2736842
sensor_records,100,0,BLOOM_MEDIUM,1056,0.2631579
sensor_records,109,0,BLOOM_MEDIUM,1056,0.2631579
sensor_records,112,0,BLOOM_MEDIUM,1056,0.24210526
sensor_records,11,0,BLOOM_MEDIUM,1056,0.33684212
sensor_records,23,0,BLOOM_MEDIUM,1056,0.35789475
sensor_records,45,0,BLOOM_MEDIUM,1056,0.2736842
sensor_records,58,0,BLOOM_MEDIUM,1056,0.23157895
sensor_records,61,0,BLOOM_MEDIUM,1056,0.2631579
sensor_records,87,0,BLOOM_MEDIUM,1056,0.31578946
sensor_records,105,0,BLOOM_MEDIUM,1056,0.31578946
sensor_records,114,0,BLOOM_MEDIUM,1056,0.2736842
sensor_records,117,0,BLOOM_MEDIUM,1056,0.33684212
sensor_records,18,0,BLOOM_MEDIUM,1056,0.29473683
sensor_records,32,0,BLOOM_MEDIUM,1056,0.2631579
sensor_records,48,0,BLOOM_MEDIUM,1056,0.22105263
sensor_records,67,0,BLOOM_MEDIUM,1056,0.2631579
sensor_records,93,0,BLOOM_MEDIUM,1056,0.25263157
sensor_records,95,0,BLOOM_MEDIUM,1056,0.28421053
sensor_records,103,0,BLOOM_MEDIUM,1056,0.2736842
sensor_records,108,0,BLOOM_MEDIUM,1056,0.2736842
sensor_records,111,0,BLOOM_MEDIUM,1056,0.36842105
sensor_records,9,0,BLOOM_MEDIUM,1056,0.18947369
sensor_records,14,0,BLOOM_MEDIUM,1056,0.25263157
sensor_records,31,0,BLOOM_MEDIUM,1056,0.25263157
sensor_records,39,0,BLOOM_MEDIUM,1056,0.2
sensor_records,63,0,BLOOM_MEDIUM,1056,0.3263158
sensor_records,65,0,BLOOM_MEDIUM,1056,0.2736842
sensor_records,74,0,BLOOM_MEDIUM,1056,0.18947369
sensor_records,3,0,BLOOM_MEDIUM,1056,0.34736842
sensor_records,5,0,BLOOM_MEDIUM,1056,0.2736842
sensor_records,10,0,BLOOM_MEDIUM,1056,0.28421053
sensor_records,27,0,BLOOM_MEDIUM,1056,0.2631579
sensor_records,46,0,BLOOM_MEDIUM,1056,0.30526316
sensor_records,47,0,BLOOM_MEDIUM,1056,0.29473683
sensor_records,55,0,BLOOM_MEDIUM,1056,0.3263158
sensor_records,59,0,BLOOM_MEDIUM,1056,0.36842105
sensor_records,76,0,BLOOM_MEDIUM,1056,0.21052632
sensor_records,82,0,BLOOM_MEDIUM,1056,0.24210526
sensor_records,88,0,BLOOM_MEDIUM,1056,0.18947369
sensor_records,92,0,BLOOM_MEDIUM,1056,0.24210526
sensor_records,110,0,BLOOM_MEDIUM,1056,0.24210526
sensor_records,116,0,BLOOM_MEDIUM,1056,0.23157895
sensor_records,13,0,BLOOM_MEDIUM,1056,0.29473683
sensor_records,60,0,BLOOM_MEDIUM,1056,0.23157895
sensor_records,75,0,BLOOM_MEDIUM,1056,0.25263157
sensor_records,91,0,BLOOM_MEDIUM,1056,0.25263157
sensor_records,99,0,BLOOM_MEDIUM,1056,0.21052632
sensor_records,2,0,BLOOM_MEDIUM,1056,0.24210526
sensor_records,7,0,BLOOM_MEDIUM,1056,0.30526316
sensor_records,21,0,BLOOM_MEDIUM,1056,0.33684212
sensor_records,44,0,BLOOM_MEDIUM,1056,0.43157893
sensor_records,53,0,BLOOM_MEDIUM,1056,0.2631579
sensor_records,71,0,BLOOM_MEDIUM,1056,0.30526316
sensor_records,89,0,BLOOM_MEDIUM,1056,0.28421053
sensor_records,118,0,BLOOM_MEDIUM,1056,0.31578946
sensor_records,120,0,BLOOM_MEDIUM,1056,0.3263158
sensor_records,34,0,BLOOM_MEDIUM,1056,0.28421053
sensor_records,41,0,BLOOM_MEDIUM,1056,0.30526316
sensor_records,54,0,BLOOM_MEDIUM,1056,0.21052632
sensor_records,57,0,BLOOM_MEDIUM,1056,0.24210526
sensor_records,68,0,BLOOM_MEDIUM,1056,0.2631579
sensor_records,81,0,BLOOM_MEDIUM,1056,0.35789475
sensor_records,121,0,BLOOM_MEDIUM,1056,0.31578946
sensor_records,0,0,BLOOM_MEDIUM,1056,0.28421053
sensor_records,25,0,BLOOM_MEDIUM,1056,0.2736842
sensor_records,29,0,BLOOM_MEDIUM,1056,0.31578946
sensor_records,30,0,BLOOM_MEDIUM,1056,0.15789473
sensor_records,37,0,BLOOM_MEDIUM,1056,0.28421053
sensor_records,38,0,BLOOM_MEDIUM,1056,0.24210526
sensor_records,51,0,BLOOM_MEDIUM,1056,0.29473683
sensor_records,98,0,BLOOM_MEDIUM,1056,0.30526316
sensor_records,102,0,BLOOM_MEDIUM,1056,0.34736842
sensor_records,16,0,BLOOM_MEDIUM,1056,0.25263157
sensor_records,17,0,BLOOM_MEDIUM,1056,0.25263157
sensor_records,42,0,BLOOM_MEDIUM,1056,0.24210526
sensor_records,62,0,BLOOM_MEDIUM,1056,0.2736842
sensor_records,106,0,BLOOM_MEDIUM,1056,0.2736842
sensor_records,8,0,BLOOM_MEDIUM,1056,0.2736842
sensor_records,15,0,BLOOM_MEDIUM,1056,0.2631579
sensor_records,64,0,BLOOM_MEDIUM,1056,0.31578946
sensor_records,104,0,BLOOM_MEDIUM,1056,0.25263157
sensor_records,11,0,BLOOM_LARGE,3456,0.8105263
sensor_records,23,0,BLOOM_LARGE,3456,0.76842105
sensor_records,45,0,BLOOM_LARGE,3456,0.7263158
sensor_records,58,0,BLOOM_LARGE,3456,0.75789475
sensor_records,61,0,BLOOM_LARGE,3456,0.7473684
sensor_records,87,0,BLOOM_LARGE,3456,0.7368421
sensor_records,105,0,BLOOM_LARGE,3456,0.7368421
sensor_records,114,0,BLOOM_LARGE,3456,0.76842105
sensor_records,117,0,BLOOM_LARGE,3456,0.7368421
sensor_records,12,0,BLOOM_LARGE,3456,0.7263158
sensor_records,26,0,BLOOM_LARGE,3456,0.68421054
sensor_records,40,0,BLOOM_LARGE,3456,0.76842105
sensor_records,49,0,BLOOM_LARGE,3456,0.8105263
sensor_records,78,0,BLOOM_LARGE,3456,0.75789475
sensor_records,8,0,BLOOM_LARGE,3456,0.69473684
sensor_records,15,0,BLOOM_LARGE,3456,0.75789475
sensor_records,64,0,BLOOM_LARGE,3456,0.7157895
sensor_records,104,0,BLOOM_LARGE,3456,0.7157895
sensor_records,6,0,BLOOM_LARGE,3456,0.7157895
sensor_records,19,0,BLOOM_LARGE,3456,0.7157895
sensor_records,52,0,BLOOM_LARGE,3456,0.77894735
sensor_records,56,0,BLOOM_LARGE,3456,0.7263158
sensor_records,70,0,BLOOM_LARGE,3456,0.57894737
sensor_records,86,0,BLOOM_LARGE,3456,0.69473684
sensor_records,90,0,BLOOM_LARGE,3456,0.69473684
sensor_records,96,0,BLOOM_LARGE,3456,0.7157895
sensor_records,113,0,BLOOM_LARGE,3456,0.7263158
sensor_records,119,0,BLOOM_LARGE,3456,0.75789475
sensor_records,28,0,BLOOM_LARGE,3456,0.7157895
sensor_records,36,0,BLOOM_LARGE,3456,0.67368424
sensor_records,43,0,BLOOM_LARGE,3456,0.76842105
sensor_records,50,0,BLOOM_LARGE,3456,0.67368424
sensor_records,69,0,BLOOM_LARGE,3456,0.7263158
sensor_records,73,0,BLOOM_LARGE,3456,0.77894735
sensor_records,79,0,BLOOM_LARGE,3456,0.75789475
sensor_records,85,0,BLOOM_LARGE,3456,0.75789475
sensor_records,94,0,BLOOM_LARGE,3456,0.77894735
sensor_records,3,0,BLOOM_LARGE,3456,0.75789475
sensor_records,5,0,BLOOM_LARGE,3456,0.7157895
sensor_records,10,0,BLOOM_LARGE,3456,0.70526314
sensor_records,27,0,BLOOM_LARGE,3456,0.70526314
sensor_records,46,0,BLOOM_LARGE,3456,0.76842105
sensor_records,47,0,BLOOM_LARGE,3456,0.75789475
sensor_records,55,0,BLOOM_LARGE,3456,0.77894735
sensor_records,59,0,BLOOM_LARGE,3456,0.76842105
sensor_records,76,0,BLOOM_LARGE,3456,0.68421054
sensor_records,82,0,BLOOM_LARGE,3456,0.6526316
sensor_records,88,0,BLOOM_LARGE,3456,0.6526316
sensor_records,92,0,BLOOM_LARGE,3456,0.6105263
sensor_records,110,0,BLOOM_LARGE,3456,0.6526316
sensor_records,116,0,BLOOM_LARGE,3456,0.67368424
sensor_records,2,0,BLOOM_LARGE,3456,0.69473684
sensor_records,7,0,BLOOM_LARGE,3456,0.7157895
sensor_records,21,0,BLOOM_LARGE,3456,0.70526314
sensor_records,44,0,BLOOM_LARGE,3456,0.8
sensor_records,53,0,BLOOM_LARGE,3456,0.7473684
sensor_records,71,0,BLOOM_LARGE,3456,0.8
sensor_records,89,0,BLOOM_LARGE,3456,0.7157895
sensor_records,118,0,BLOOM_LARGE,3456,0.76842105
sensor_records,120,0,BLOOM_LARGE,3456,0.8105263
sensor_records,13,0,BLOOM_LARGE,3456,0.7368421
sensor_records,60,0,BLOOM_LARGE,3456,0.68421054
sensor_records,75,0,BLOOM_LARGE,3456,0.69473684
sensor_records,91,0,BLOOM_LARGE,3456,0.7263158
sensor_records,99,0,BLOOM_LARGE,3456,0.6315789
sensor_records,0,0,BLOOM_LARGE,3456,0.7894737
sensor_records,25,0,BLOOM_LARGE,3456,0.7473684
sensor_records,29,0,BLOOM_LARGE,3456,0.7368421
sensor_records,30,0,BLOOM_LARGE,3456,0.67368424
sensor_records,37,0,BLOOM_LARGE,3456,0.67368424
sensor_records,38,0,BLOOM_LARGE,3456,0.8210526
sensor_records,51,0,BLOOM_LARGE,3456,0.7473684
sensor_records,98,0,BLOOM_LARGE,3456,0.7157895
sensor_records,102,0,BLOOM_LARGE,3456,0.76842105
sensor_records,4,0,BLOOM_LARGE,3456,0.7473684
sensor_records,33,0,BLOOM_LARGE,3456,0.75789475
sensor_records,35,0,BLOOM_LARGE,3456,0.6105263
sensor_records,66,0,BLOOM_LARGE,3456,0.7894737
sensor_records,77,0,BLOOM_LARGE,3456,0.67368424
sensor_records,80,0,BLOOM_LARGE,3456,0.69473684
sensor_records,100,0,BLOOM_LARGE,3456,0.7473684
sensor_records,109,0,BLOOM_LARGE,3456,0.77894735
sensor_records,112,0,BLOOM_LARGE,3456,0.7473684
sensor_records,9,0,BLOOM_LARGE,3456,0.6210526
sensor_records,14,0,BLOOM_LARGE,3456,0.75789475
sensor_records,31,0,BLOOM_LARGE,3456,0.6526316
sensor_records,39,0,BLOOM_LARGE,3456,0.7157895
sensor_records,63,0,BLOOM_LARGE,3456,0.76842105
sensor_records,65,0,BLOOM_LARGE,3456,0.7157895
sensor_records,74,0,BLOOM_LARGE,3456,0.68421054
sensor_records,16,0,BLOOM_LARGE,3456,0.7368421
sensor_records,17,0,BLOOM_LARGE,3456,0.70526314
sensor_records,42,0,BLOOM_LARGE,3456,0.70526314
sensor_records,62,0,BLOOM_LARGE,3456,0.76842105
sensor_records,106,0,BLOOM_LARGE,3456,0.8105263
sensor_records,18,0,BLOOM_LARGE,3456,0.7368421
sensor_records,32,0,BLOOM_LARGE,3456,0.69473684
sensor_records,48,0,BLOOM_LARGE,3456,0.7157895
sensor_records,67,0,BLOOM_LARGE,3456,0.7473684
sensor_records,93,0,BLOOM_LARGE,3456,0.7894737
sensor_records,95,0,BLOOM_LARGE,3456,0.67368424
sensor_records,103,0,BLOOM_LARGE,3456,0.7263158
sensor_records,108,0,BLOOM_LARGE,3456,0.7473684
sensor_records,111,0,BLOOM_LARGE,3456,0.7157895
sensor_records,34,0,BLOOM_LARGE,3456,0.6315789
sensor_records,41,0,BLOOM_LARGE,3456,0.76842105
sensor_records,54,0,BLOOM_LARGE,3456,0.69473684
sensor_records,57,0,BLOOM_LARGE,3456,0.7263158
sensor_records,68,0,BLOOM_LARGE,3456,0.7263158
sensor_records,81,0,BLOOM_LARGE,3456,0.70526314
sensor_records,121,0,BLOOM_LARGE,3456,0.7473684
sensor_records,20,0,BLOOM_LARGE,3456,0.75789475
sensor_records,83,0,BLOOM_LARGE,3456,0.75789475
sensor_records,97,0,BLOOM_LARGE,3456,0.7263158
sensor_records,107,0,BLOOM_LARGE,3456,0.7368421
sensor_records,1,0,BLOOM_LARGE,3456,0.75789475
sensor_records,22,0,BLOOM_LARGE,3456,0.7473684
sensor_records,24,0,BLOOM_LARGE,3456,0.76842105
sensor_records,72,0,BLOOM_LARGE,3456,0.70526314
sensor_records,84,0,BLOOM_LARGE,3456,0.75789475
sensor_records,101,0,BLOOM_LARGE,3456,0.70526314
sensor_records,115,0,BLOOM_LARGE,3456,0.7263158
sensor_records,11,0,DICTIONARY,288,0.0
sensor_records,23,0,DICTIONARY,288,0.0
sensor_records,45,0,DICTIONARY,288,0.0
sensor_records,58,0,DICTIONARY,288,0.0
sensor_records,61,0,DICTIONARY,288,0.0
sensor_records,87,0,DICTIONARY,288,0.0
sensor_records,105,0,DICTIONARY,288,0.0
sensor_records,114,0,DICTIONARY,288,0.0
sensor_records,117,0,DICTIONARY,288,0.0
sensor_records,34,0,DICTIONARY,288,0.0
sensor_records,41,0,DICTIONARY,288,0.0
sensor_records,54,0,DICTIONARY,288,0.0
sensor_records,57,0,DICTIONARY,288,0.0
sensor_records,68,0,DICTIONARY,288,0.0
sensor_records,81,0,DICTIONARY,288,0.0
sensor_records,121,0,DICTIONARY,288,0.0
sensor_records,3,0,DICTIONARY,288,0.0
sensor_records,5,0,DICTIONARY,288,0.0
sensor_records,10,0,DICTIONARY,288,0.0
sensor_records,27,0,DICTIONARY,288,0.0
sensor_records,46,0,DICTIONARY,288,0.0
sensor_records,47,0,DICTIONARY,288,0.0
sensor_records,55,0,DICTIONARY,288,0.0
sensor_records,59,0,DICTIONARY,288,0.0
sensor_records,76,0,DICTIONARY,288,0.0
sensor_records,82,0,DICTIONARY,288,0.0
sensor_records,88,0,DICTIONARY,288,0.0
sensor_records,92,0,DICTIONARY,288,0.0
sensor_records,110,0,DICTIONARY,288,0.0
sensor_records,116,0,DICTIONARY,288,0.0
sensor_records,18,0,DICTIONARY,288,0.0
sensor_records,32,0,DICTIONARY,288,0.0
sensor_records,48,0,DICTIONARY,288,0.0
sensor_records,67,0,DICTIONARY,288,0.0
sensor_records,93,0,DICTIONARY,288,0.0
sensor_records,95,0,DICTIONARY,288,0.0
sensor_records,103,0,DICTIONARY,288,0.0
sensor_records,108,0,DICTIONARY,288,0.0
sensor_records,111,0,DICTIONARY,288,0.0
sensor_records,1,0,DICTIONARY,288,0.0
sensor_records,22,0,DICTIONARY,288,0.0
sensor_records,24,0,DICTIONARY,288,0.0
sensor_records,72,0,DICTIONARY,288,0.0
sensor_records,84,0,DICTIONARY,288,0.0
sensor_records,101,0,DICTIONARY,288,0.0
sensor_records,115,0,DICTIONARY,288,0.0
sensor_records,8,0,DICTIONARY,288,0.0
sensor_records,15,0,DICTIONARY,288,0.0
sensor_records,64,0,DICTIONARY,288,0.0
sensor_records,104,0,DICTIONARY,288,0.0
sensor_records,16,0,DICTIONARY,288,0.0
sensor_records,17,0,DICTIONARY,288,0.0
sensor_records,42,0,DICTIONARY,288,0.0
sensor_records,62,0,DICTIONARY,288,0.0
sensor_records,106,0,DICTIONARY,288,0.0
sensor_records,6,0,DICTIONARY,288,0.0
sensor_records,19,0,DICTIONARY,288,0.0
sensor_records,52,0,DICTIONARY,288,0.0
sensor_records,56,0,DICTIONARY,288,0.0
sensor_records,70,0,DICTIONARY,288,0.0
sensor_records,86,0,DICTIONARY,288,0.0
sensor_records,90,0,DICTIONARY,288,0.0
sensor_records,96,0,DICTIONARY,288,0.0
sensor_records,113,0,DICTIONARY,288,0.0
sensor_records,119,0,DICTIONARY,288,0.0
sensor_records,28,0,DICTIONARY,288,0.0
sensor_records,36,0,DICTIONARY,288,0.0
sensor_records,43,0,DICTIONARY,288,0.0
sensor_records,50,0,DICTIONARY,288,0.0
sensor_records,69,0,DICTIONARY,288,0.0
sensor_records,73,0,DICTIONARY,288,0.0
sensor_records,79,0,DICTIONARY,288,0.0
sensor_records,85,0,DICTIONARY,288,0.0
sensor_records,94,0,DICTIONARY,288,0.0
sensor_records,12,0,DICTIONARY,288,0.0
sensor_records,26,0,DICTIONARY,288,0.0
sensor_records,40,0,DICTIONARY,288,0.0
sensor_records,49,0,DICTIONARY,288,0.0
sensor_records,78,0,DICTIONARY,288,0.0
sensor_records,13,0,DICTIONARY,288,0.0
sensor_records,60,0,DICTIONARY,288,0.0
sensor_records,75,0,DICTIONARY,288,0.0
sensor_records,91,0,DICTIONARY,288,0.0
sensor_records,99,0,DICTIONARY,288,0.0
sensor_records,0,0,DICTIONARY,288,0.0
sensor_records,25,0,DICTIONARY,288,0.0
sensor_records,29,0,DICTIONARY,288,0.0
sensor_records,30,0,DICTIONARY,288,0.0
sensor_records,37,0,DICTIONARY,288,0.0
sensor_records,38,0,DICTIONARY,288,0.0
sensor_records,51,0,DICTIONARY,288,0.0
sensor_records,98,0,DICTIONARY,288,0.0
sensor_records,102,0,DICTIONARY,288,0.0
sensor_records,4,0,DICTIONARY,288,0.0
sensor_records,33,0,DICTIONARY,288,0.0
sensor_records,35,0,DICTIONARY,288,0.0
sensor_records,66,0,DICTIONARY,288,0.0
sensor_records,77,0,DICTIONARY,288,0.0
sensor_records,80,0,DICTIONARY,288,0.0
sensor_records,100,0,DICTIONARY,288,0.0
sensor_records,109,0,DICTIONARY,288,0.0
sensor_records,112,0,DICTIONARY,288,0.0
sensor_records,20,0,DICTIONARY,288,0.0
sensor_records,83,0,DICTIONARY,288,0.0
sensor_records,97,0,DICTIONARY,288,0.0
sensor_records,107,0,DICTIONARY,288,0.0
sensor_records,9,0,DICTIONARY,288,0.0
sensor_records,14,0,DICTIONARY,288,0.0
sensor_records,31,0,DICTIONARY,288,0.0
sensor_records,39,0,DICTIONARY,288,0.0
sensor_records,63,0,DICTIONARY,288,0.0
sensor_records,65,0,DICTIONARY,288,0.0
sensor_records,74,0,DICTIONARY,288,0.0
sensor_records,2,0,DICTIONARY,288,0.0
sensor_records,7,0,DICTIONARY,288,0.0
sensor_records,21,0,DICTIONARY,288,0.0
sensor_records,44,0,DICTIONARY,288,0.0
sensor_records,53,0,DICTIONARY,288,0.0
sensor_records,71,0,DICTIONARY,288,0.0
sensor_records,89,0,DICTIONARY,288,0.0
sensor_records,118,0,DICTIONARY,288,0.0
sensor_records,120,0,DICTIONARY,288,0.0
