Name,Unit,Query,Min/max,Min/max clusters,Bloom filter,Dictionary
Partitions scanned,,1,4,4,4,4
Partitions scanned,,2,4,4,4,4
Partitions scanned,,3,4,4,4,4
Partitions scanned,,4,4,4,4,4
Partitions scanned,,5,4,4,4,4
Partitions scanned,,6,4,4,4,4
Partitions scanned,,7,4,4,4,4
Partitions scanned,,8,4,4,4,4
Partitions scanned,,9,4,4,4,4
Partitions scanned,,10,4,4,4,4
Partitions scanned,,11,3,3,3,3
Partitions scanned,,12,4,4,4,4
Partitions scanned,,13,3,3,3,3
Partitions scanned,,14,4,4,4,4
Partitions scanned,,15,3,3,3,3
Partitions scanned,,16,4,4,4,4
Partitions scanned,,17,4,4,4,4
Partitions scanned,,18,4,4,4,4
Partitions scanned,,19,4,4,4,4
Partitions scanned,,20,4,4,4,4
Partitions scanned,,21,3,3,3,3
Partitions scanned,,22,3,3,3,3
Partitions scanned,,23,4,4,4,4
Partitions scanned,,24,4,4,4,4
Partitions scanned,,25,4,4,4,4
Partitions scanned,,26,4,4,4,4
Partitions scanned,,27,4,4,4,4
Partitions scanned,,28,4,4,4,4
Partitions scanned,,29,4,4,4,4
Partitions scanned,,30,3,3,3,3
Partitions scanned,,31,4,4,4,4
Partitions scanned,,32,4,4,4,4
Partitions scanned,,33,4,4,4,4
Partitions scanned,,34,4,4,4,4
Partitions scanned,,35,4,4,4,4
Partitions scanned,,36,4,4,4,4
Partitions scanned,,37,4,4,4,4
Partitions scanned,,38,4,4,4,4
Partitions scanned,,39,4,4,4,4
Partitions scanned,,40,3,3,3,3
Partitions scanned,,41,4,4,4,4
Partitions scanned,,42,3,3,3,3
Partitions scanned,,43,4,4,4,4
Partitions scanned,,44,4,4,4,4
Partitions scanned,,45,4,4,4,4
Partitions scanned,,46,4,4,4,4
Partitions scanned,,47,3,3,3,3
Partitions scanned,,48,4,4,4,4
Partitions scanned,,49,4,4,4,4
Partitions scanned,,50,3,3,3,3
Partitions scanned,,51,4,4,4,4
Partitions scanned,,52,4,4,4,4
Partitions scanned,,53,4,4,4,4
Partitions scanned,,54,4,4,4,4
Partitions scanned,,55,3,3,3,3
Partitions scanned,,56,4,4,4,4
Partitions scanned,,57,4,4,4,4
Partitions scanned,,58,4,4,4,4
Partitions scanned,,59,3,3,3,3
Partitions scanned,,60,4,4,4,4
Partitions scanned,,61,3,3,3,3
Partitions scanned,,62,4,4,4,4
Partitions scanned,,63,4,4,4,4
Partitions scanned,,64,4,4,4,4
Partitions scanned,,65,3,3,3,3
Partitions scanned,,66,4,4,4,4
Partitions scanned,,67,4,4,4,4
Partitions scanned,,68,4,4,4,4
Partitions scanned,,69,4,4,4,4
Partitions scanned,,70,4,4,4,4
Partitions scanned,,71,3,3,3,3
Partitions scanned,,72,4,4,4,4
Partitions scanned,,73,4,4,4,4
Partitions scanned,,74,4,4,4,4
Partitions scanned,,75,3,3,3,3
Partitions scanned,,76,4,4,4,4
Partitions scanned,,77,4,4,4,4
Partitions scanned,,78,4,4,4,4
Partitions scanned,,79,4,4,4,4
Partitions scanned,,80,4,4,4,4
Partitions scanned,,81,3,3,3,3
Partitions scanned,,82,4,4,4,4
Partitions scanned,,83,4,4,4,4
Partitions scanned,,84,4,4,4,4
Partitions scanned,,85,4,4,4,4
Partitions scanned,,86,4,4,4,4
Partitions scanned,,87,4,4,4,4
Partitions scanned,,88,4,4,4,4
Partitions scanned,,89,4,4,4,4
Partitions scanned,,90,4,4,4,4
Partitions scanned,,91,4,4,4,4
Partitions scanned,,92,3,3,3,3
Partitions scanned,,93,3,3,3,3
Partitions scanned,,94,4,4,4,4
Partitions scanned,,95,4,4,4,4
Partitions scanned,,96,4,4,4,4
Partitions scanned,,97,4,4,4,4
Partitions scanned,,98,4,4,4,4
Partitions scanned,,99,3,3,3,3
Partitions scanned,,100,4,4,4,4
Partitions scanned,,101,4,4,4,4
Partitions scanned,,102,3,3,3,3
Partitions scanned,,103,4,4,4,4
Partitions scanned,,104,3,3,3,3
Partitions scanned,,105,4,4,4,4
Partitions scanned,,106,4,4,4,4
Partitions scanned,,107,4,4,4,4
Partitions scanned,,108,4,4,4,4
Partitions scanned,,109,3,3,3,3
Partitions scanned,,110,4,4,4,4
Partitions scanned,,111,3,3,3,3
Partitions scanned,,112,4,4,4,4
Partitions scanned,,113,4,4,4,4
Partitions scanned,,114,3,3,3,3
Partitions scanned,,115,4,4,4,4
Partitions scanned,,116,3,3,3,3
Partitions scanned,,117,3,3,3,3
Partitions scanned,,118,4,4,4,4
Partitions scanned,,119,4,4,4,4
Partitions scanned,,120,4,4,4,4
Partitions scanned,,121,4,4,4,4
Partitions scanned,,122,4,4,4,4
Partitions scanned,,123,4,4,4,4
Partitions scanned,,124,4,4,4,4
Partitions scanned,,125,4,4,4,4
Partitions scanned,,126,4,4,4,4
Partitions scanned,,127,4,4,4,4
Partitions scanned,,128,3,3,3,3
Partitions scanned,,129,3,3,3,3
Partitions scanned,,130,4,4,4,4
Partitions scanned,,131,4,4,4,4
Partitions scanned,,132,4,4,4,4
Partitions scanned,,133,4,4,4,4
Partitions scanned,,134,3,3,3,3
Partitions scanned,,135,4,4,4,4
Partitions scanned,,136,4,4,4,4
Partitions scanned,,137,4,4,4,4
Partitions scanned,,138,4,4,4,4
Partitions scanned,,139,4,4,4,4
Partitions scanned,,140,4,4,4,4
Partitions scanned,,141,4,4,4,4
Partitions scanned,,142,4,4,4,4
Partitions scanned,,143,4,4,4,4
Partitions scanned,,144,3,3,3,3
Partitions scanned,,145,3,3,3,3
Partitions scanned,,146,4,4,4,4
Partitions scanned,,147,4,4,4,4
Partitions scanned,,148,4,4,4,4
Partitions scanned,,149,4,4,4,4
Partitions scanned,,150,3,3,3,3
Partitions scanned,,151,3,3,3,3
Partitions scanned,,152,4,4,4,4
Partitions scanned,,153,3,3,3,3
Partitions scanned,,154,3,3,3,3
Partitions scanned,,155,4,4,4,4
Partitions scanned,,156,4,4,4,4
Partitions scanned,,157,4,4,4,4
Partitions scanned,,158,4,4,4,4
Partitions scanned,,159,3,3,3,3
Partitions scanned,,160,4,4,4,4
Partitions scanned,,161,3,3,3,3
Partitions scanned,,162,3,3,3,3
Partitions scanned,,163,4,4,4,4
Partitions scanned,,164,4,4,4,4
Partitions scanned,,165,4,4,4,4
Partitions scanned,,166,4,4,4,4
Partitions scanned,,167,3,3,3,3
Partitions scanned,,168,4,4,4,4
Partitions scanned,,169,4,4,4,4
Partitions scanned,,170,3,3,3,3
Partitions scanned,,171,4,4,4,4
Partitions scanned,,172,4,4,4,4
Partitions scanned,,173,4,4,4,4
Partitions scanned,,174,3,3,3,3
Partitions scanned,,175,3,3,3,3
Partitions scanned,,176,4,4,4,4
Partitions scanned,,177,4,4,4,4
Partitions scanned,,178,4,4,4,4
Partitions scanned,,179,4,4,4,4
Partitions scanned,,180,4,4,4,4
Partitions scanned,,181,4,4,4,4
Partitions scanned,,182,4,4,4,4
Partitions scanned,,183,4,4,4,4
Partitions scanned,,184,4,4,4,4
Partitions scanned,,185,4,4,4,4
Partitions scanned,,186,3,3,3,3
Partitions scanned,,187,3,3,3,3
Partitions scanned,,188,4,4,4,4
Partitions scanned,,189,4,4,4,4
Partitions scanned,,190,4,4,4,4
Partitions scanned,,191,3,3,3,3
Partitions scanned,,192,3,3,3,3
Partitions scanned,,193,3,3,3,3
Partitions scanned,,194,4,4,4,4
Partitions scanned,,195,3,3,3,3
Partitions scanned,,196,4,4,4,4
Partitions scanned,,197,4,4,4,4
Partitions scanned,,198,4,4,4,4
Partitions scanned,,199,4,4,4,4
Partitions scanned,,200,4,4,4,4
Partitions scanned,,201,4,4,4,4
Partitions scanned,,202,4,4,4,4
Partitions scanned,,203,4,4,4,4
Partitions scanned,,204,4,4,4,4
Partitions scanned,,205,3,3,3,3
Partitions scanned,,206,4,4,4,4
Partitions scanned,,207,4,4,4,4
Partitions scanned,,208,3,3,3,3
Partitions scanned,,209,4,4,4,4
Partitions scanned,,210,4,4,4,4
Partitions scanned,,211,4,4,4,4
Partitions scanned,,212,4,4,4,4
Partitions scanned,,213,3,3,3,3
Partitions scanned,,214,4,4,4,4
Partitions scanned,,215,4,4,4,4
Partitions scanned,,216,4,4,4,4
Partitions scanned,,217,4,4,4,4
Partitions scanned,,218,4,4,4,4
Partitions scanned,,219,4,4,4,4
Partitions scanned,,220,4,4,4,4
Partitions scanned,,221,4,4,4,4
Partitions scanned,,222,3,3,3,3
Partitions scanned,,223,4,4,4,4
Partitions scanned,,224,4,4,4,4
Partitions scanned,,225,3,3,3,3
Partitions scanned,,226,4,4,4,4
Partitions scanned,,227,4,4,4,4
Partitions scanned,,228,4,4,4,4
Partitions scanned,,229,3,3,3,3
Partitions scanned,,230,4,4,4,4
Partitions scanned,,231,4,4,4,4
Partitions scanned,,232,3,3,3,3
Partitions scanned,,233,4,4,4,4
Partitions scanned,,234,4,4,4,4
Partitions scanned,,235,4,4,4,4
Partitions scanned,,236,4,4,4,4
Partitions scanned,,237,4,4,4,4
Partitions scanned,,238,4,4,4,4
Partitions scanned,,239,4,4,4,4
Partitions scanned,,240,4,4,4,4
Partitions scanned,,241,4,4,4,4
Partitions scanned,,242,4,4,4,4
Partitions scanned,,243,4,4,4,4
Partitions scanned,,244,4,4,4,4
Partitions scanned,,245,4,4,4,4
Partitions scanned,,246,4,4,4,4
Partitions scanned,,247,4,4,4,4
Partitions scanned,,248,4,4,4,4
Partitions scanned,,249,4,4,4,4
Partitions scanned,,250,4,4,4,4
Partitions scanned,,251,4,4,4,4
Partitions scanned,,252,4,4,4,4
Partitions scanned,,253,4,4,4,4
Partitions scanned,,254,4,4,4,4
Partitions scanned,,255,4,4,4,4
Partitions scanned,,256,4,4,4,4
Partitions scanned,,257,4,4,4,4
Partitions scanned,,258,4,4,4,4
Partitions scanned,,259,4,4,4,4
Partitions scanned,,260,3,3,3,3
Partitions scanned,,261,4,4,4,4
Partitions scanned,,262,4,4,4,4
Partitions scanned,,263,4,4,4,4
Partitions scanned,,264,3,3,3,3
Partitions scanned,,265,3,3,3,3
Partitions scanned,,266,4,4,4,4
Partitions scanned,,267,4,4,4,4
Partitions scanned,,268,4,4,4,4
Partitions scanned,,269,4,4,4,4
Partitions scanned,,270,4,4,4,4
Partitions scanned,,271,4,4,4,4
Partitions scanned,,272,4,4,4,4
Partitions scanned,,273,3,3,3,3
Partitions scanned,,274,4,4,4,4
Partitions scanned,,275,4,4,4,4
Partitions scanned,,276,4,4,4,4
Partitions scanned,,277,4,4,4,4
Partitions scanned,,278,4,4,4,4
Partitions scanned,,279,4,4,4,4
Partitions scanned,,280,4,4,4,4
Partitions scanned,,281,4,4,4,4
Partitions scanned,,282,4,4,4,4
Partitions scanned,,283,4,4,4,4
Partitions scanned,,284,3,3,3,3
Partitions scanned,,285,4,4,4,4
Partitions scanned,,286,4,4,4,4
Partitions scanned,,287,3,3,3,3
Partitions scanned,,288,4,4,4,4
Partitions scanned,,289,4,4,4,4
Partitions scanned,,290,3,3,3,3
Partitions scanned,,291,4,4,4,4
Partitions scanned,,292,3,3,3,3
Partitions scanned,,293,4,4,4,4
Partitions scanned,,294,4,4,4,4
Partitions scanned,,295,4,4,4,4
Partitions scanned,,296,4,4,4,4
Partitions scanned,,297,4,4,4,4
Partitions scanned,,298,4,4,4,4
Partitions scanned,,299,4,4,4,4
Partitions scanned,,300,4,4,4,4
Partitions scanned,,301,4,4,4,4
Partitions scanned,,302,4,4,4,4
Partitions scanned,,303,4,4,4,4
Partitions scanned,,304,4,4,4,4
Partitions scanned,,305,4,4,4,4
Partitions scanned,,306,4,4,4,4
Partitions scanned,,307,4,4,4,4
Partitions scanned,,308,4,4,4,4
Partitions scanned,,309,3,3,3,3
Partitions scanned,,310,3,3,3,3
Partitions scanned,,311,4,4,4,4
Partitions scanned,,312,4,4,4,4
Partitions scanned,,313,4,4,4,4
Partitions scanned,,314,4,4,4,4
Partitions scanned,,315,4,4,4,4
Partitions scanned,,316,4,4,4,4
Partitions scanned,,317,4,4,4,4
Partitions scanned,,318,4,4,4,4
Partitions scanned,,319,4,4,4,4
Partitions scanned,,320,4,4,4,4
Partitions scanned,,321,3,3,3,3
Partitions scanned,,322,4,4,4,4
Partitions scanned,,323,4,4,4,4
Partitions scanned,,324,4,4,4,4
Partitions scanned,,325,4,4,4,4
Partitions scanned,,326,4,4,4,4
Partitions scanned,,327,4,4,4,4
Partitions scanned,,328,4,4,4,4
Partitions scanned,,329,4,4,4,4
Partitions scanned,,330,4,4,4,4
Partitions scanned,,331,4,4,4,4
Partitions scanned,,332,3,3,3,3
Partitions scanned,,333,4,4,4,4
Partitions scanned,,334,4,4,4,4
Partitions scanned,,335,4,4,4,4
Partitions scanned,,336,4,4,4,4
Partitions scanned,,337,3,3,3,3
Partitions scanned,,338,4,4,4,4
Partitions scanned,,339,4,4,4,4
Partitions scanned,,340,4,4,4,4
Partitions scanned,,341,4,4,4,4
Partitions scanned,,342,3,3,3,3
Partitions scanned,,343,4,4,4,4
Partitions scanned,,344,4,4,4,4
Partitions scanned,,345,4,4,4,4
Partitions scanned,,346,4,4,4,4
Partitions scanned,,347,4,4,4,4
Partitions scanned,,348,3,3,3,3
Partitions scanned,,349,4,4,4,4
Partitions scanned,,350,4,4,4,4
Partitions scanned,,351,4,4,4,4
Partitions scanned,,352,4,4,4,4
Partitions scanned,,353,4,4,4,4
Partitions scanned,,354,4,4,4,4
Partitions scanned,,355,4,4,4,4
Partitions scanned,,356,4,4,4,4
Partitions scanned,,357,3,3,3,3
Partitions scanned,,358,4,4,4,4
Partitions scanned,,359,4,4,4,4
Partitions scanned,,360,4,4,4,4
Partitions scanned,,361,4,4,4,4
Partitions scanned,,362,4,4,4,4
Partitions scanned,,363,3,3,3,3
Partitions scanned,,364,4,4,4,4
Partitions scanned,,365,4,4,4,4
Partitions scanned,,366,4,4,4,4
Partitions scanned,,367,3,3,3,3
Partitions scanned,,368,4,4,4,4
Partitions scanned,,369,4,4,4,4
Partitions scanned,,370,3,3,3,3
Partitions scanned,,371,4,4,4,4
Partitions scanned,,372,4,4,4,4
Partitions scanned,,373,3,3,3,3
Partitions scanned,,374,4,4,4,4
Partitions scanned,,375,4,4,4,4
Partitions scanned,,376,4,4,4,4
Partitions scanned,,377,4,4,4,4
Partitions scanned,,378,3,3,3,3
Partitions scanned,,379,3,3,3,3
Partitions scanned,,380,4,4,4,4
Partitions scanned,,381,4,4,4,4
Partitions scanned,,382,4,4,4,4
Partitions scanned,,383,4,4,4,4
Partitions scanned,,384,3,3,3,3
Partitions scanned,,385,4,4,4,4
Partitions scanned,,386,4,4,4,4
Partitions scanned,,387,4,4,4,4
Partitions scanned,,388,4,4,4,4
Partitions scanned,,389,4,4,4,4
Partitions scanned,,390,4,4,4,4
Partitions scanned,,391,4,4,4,4
Partitions scanned,,392,4,4,4,4
Partitions scanned,,393,4,4,4,4
Partitions scanned,,394,4,4,4,4
Partitions scanned,,395,3,3,3,3
Partitions scanned,,396,4,4,4,4
Partitions scanned,,397,4,4,4,4
Partitions scanned,,398,4,4,4,4
Partitions scanned,,399,4,4,4,4
Partitions scanned,,400,4,4,4,4
Partitions scanned,,401,4,4,4,4
Partitions scanned,,402,4,4,4,4
Partitions scanned,,403,4,4,4,4
Partitions scanned,,404,4,4,4,4
Partitions scanned,,405,4,4,4,4
Partitions scanned,,406,3,3,3,3
Partitions scanned,,407,4,4,4,4
Partitions scanned,,408,4,4,4,4
Partitions scanned,,409,4,4,4,4
Partitions scanned,,410,4,4,4,4
Partitions scanned,,411,4,4,4,4
Partitions scanned,,412,4,4,4,4
Partitions scanned,,413,4,4,4,4
Partitions scanned,,414,4,4,4,4
Partitions scanned,,415,4,4,4,4
Partitions scanned,,416,4,4,4,4
Partitions scanned,,417,4,4,4,4
Partitions scanned,,418,4,4,4,4
Partitions scanned,,419,4,4,4,4
Partitions scanned,,420,4,4,4,4
Partitions scanned,,421,3,3,3,3
Partitions scanned,,422,4,4,4,4
Partitions scanned,,423,4,4,4,4
Partitions scanned,,424,3,3,3,3
Partitions scanned,,425,3,3,3,3
Partitions scanned,,426,4,4,4,4
Partitions scanned,,427,3,3,3,3
Partitions scanned,,428,3,3,3,3
Partitions scanned,,429,4,4,4,4
Partitions scanned,,430,4,4,4,4
Partitions scanned,,431,4,4,4,4
Partitions scanned,,432,3,3,3,3
Partitions scanned,,433,3,3,3,3
Partitions scanned,,434,4,4,4,4
Partitions scanned,,435,4,4,4,4
Partitions scanned,,436,4,4,4,4
Partitions scanned,,437,4,4,4,4
Partitions scanned,,438,4,4,4,4
Partitions scanned,,439,4,4,4,4
Partitions scanned,,440,4,4,4,4
Partitions scanned,,441,4,4,4,4
Partitions scanned,,442,4,4,4,4
Partitions scanned,,443,4,4,4,4
Partitions scanned,,444,4,4,4,4
Partitions scanned,,445,4,4,4,4
Partitions scanned,,446,4,4,4,4
Partitions scanned,,447,3,3,3,3
Partitions scanned,,448,4,4,4,4
Partitions scanned,,449,4,4,4,4
Partitions scanned,,450,4,4,4,4
Partitions scanned,,451,4,4,4,4
Partitions scanned,,452,4,4,4,4
Partitions scanned,,453,4,4,4,4
Partitions scanned,,454,4,4,4,4
Partitions scanned,,455,4,4,4,4
Partitions scanned,,456,4,4,4,4
Partitions scanned,,457,4,4,4,4
Partitions scanned,,458,4,4,4,4
Partitions scanned,,459,4,4,4,4
Partitions scanned,,460,4,4,4,4
Partitions scanned,,461,4,4,4,4
Partitions scanned,,462,4,4,4,4
Partitions scanned,,463,4,4,4,4
Partitions scanned,,464,4,4,4,4
Partitions scanned,,465,3,3,3,3
Partitions scanned,,466,4,4,4,4
Partitions scanned,,467,4,4,4,4
Partitions scanned,,468,4,4,4,4
Partitions scanned,,469,4,4,4,4
Partitions scanned,,470,4,4,4,4
Partitions scanned,,471,4,4,4,4
Partitions scanned,,472,4,4,4,4
Partitions scanned,,473,4,4,4,4
Partitions scanned,,474,4,4,4,4
Partitions scanned,,475,4,4,4,4
Partitions scanned,,476,4,4,4,4
Partitions scanned,,477,4,4,4,4
Partitions scanned,,478,4,4,4,4
Partitions scanned,,479,3,3,3,3
Partitions scanned,,480,3,3,3,3
Partitions scanned,,481,4,4,4,4
Partitions scanned,,482,4,4,4,4
Partitions scanned,,483,4,4,4,4
Partitions scanned,,484,4,4,4,4
Partitions scanned,,485,4,4,4,4
Partitions scanned,,486,4,4,4,4
Partitions scanned,,487,4,4,4,4
Partitions scanned,,488,4,4,4,4
Partitions scanned,,489,4,4,4,4
Partitions scanned,,490,4,4,4,4
Partitions scanned,,491,4,4,4,4
Partitions scanned,,492,4,4,4,4
Partitions scanned,,493,4,4,4,4
Partitions scanned,,494,4,4,4,4
Partitions scanned,,495,4,4,4,4
Partitions scanned,,496,4,4,4,4
Partitions scanned,,497,4,4,4,4
Partitions scanned,,498,3,3,3,3
Partitions scanned,,499,4,4,4,4
Partitions scanned,,500,4,4,4,4
Partitions scanned,,501,4,4,4,4
Partitions scanned,,502,4,4,4,4
Partitions scanned,,503,4,4,4,4
Partitions scanned,,504,3,3,3,3
Partitions scanned,,505,3,3,3,3
Partitions scanned,,506,4,4,4,4
Partitions scanned,,507,4,4,4,4
Partitions scanned,,508,4,4,4,4
Partitions scanned,,509,3,3,3,3
Partitions scanned,,510,4,4,4,4
Partitions scanned,,511,3,3,3,3
Partitions scanned,,512,4,4,4,4
Partitions scanned,,513,3,3,3,3
Partitions scanned,,514,3,3,3,3
Partitions scanned,,515,4,4,4,4
Partitions scanned,,516,4,4,4,4
Partitions scanned,,517,4,4,4,4
Partitions scanned,,518,4,4,4,4
Partitions scanned,,519,3,3,3,3
Partitions scanned,,520,4,4,4,4
Partitions scanned,,521,4,4,4,4
Partitions scanned,,522,4,4,4,4
Partitions scanned,,523,4,4,4,4
Partitions scanned,,524,4,4,4,4
Partitions scanned,,525,4,4,4,4
Partitions scanned,,526,4,4,4,4
Partitions scanned,,527,3,3,3,3
Partitions scanned,,528,4,4,4,4
Partitions scanned,,529,4,4,4,4
Partitions scanned,,530,4,4,4,4
Partitions scanned,,531,4,4,4,4
Partitions scanned,,532,4,4,4,4
Partitions scanned,,533,4,4,4,4
Partitions scanned,,534,4,4,4,4
Partitions scanned,,535,4,4,4,4
Partitions scanned,,536,4,4,4,4
Partitions scanned,,537,4,4,4,4
Partitions scanned,,538,4,4,4,4
Partitions scanned,,539,4,4,4,4
Partitions scanned,,540,4,4,4,4
Partitions scanned,,541,4,4,4,4
Partitions scanned,,542,4,4,4,4
Partitions scanned,,543,4,4,4,4
Partitions scanned,,544,4,4,4,4
Partitions scanned,,545,4,4,4,4
Partitions scanned,,546,3,3,3,3
Partitions scanned,,547,3,3,3,3
Partitions scanned,,548,4,4,4,4
Partitions scanned,,549,4,4,4,4
Partitions scanned,,550,4,4,4,4
Partitions scanned,,551,4,4,4,4
Partitions scanned,,552,4,4,4,4
Partitions scanned,,553,4,4,4,4
Partitions scanned,,554,4,4,4,4
Partitions scanned,,555,4,4,4,4
Partitions scanned,,556,4,4,4,4
Partitions scanned,,557,4,4,4,4
Partitions scanned,,558,4,4,4,4
Partitions scanned,,559,4,4,4,4
Partitions scanned,,560,4,4,4,4
Partitions scanned,,561,4,4,4,4
Partitions scanned,,562,4,4,4,4
Partitions scanned,,563,3,3,3,3
Partitions scanned,,564,4,4,4,4
Partitions scanned,,565,3,3,3,3
Partitions scanned,,566,3,3,3,3
Partitions scanned,,567,4,4,4,4
Partitions scanned,,568,4,4,4,4
Partitions scanned,,569,4,4,4,4
Partitions scanned,,570,3,3,3,3
Partitions scanned,,571,4,4,4,4
Partitions scanned,,572,4,4,4,4
Partitions scanned,,573,4,4,4,4
Partitions scanned,,574,3,3,3,3
Partitions scanned,,575,3,3,3,3
Partitions scanned,,576,3,3,3,3
Partitions scanned,,577,4,4,4,4
Partitions scanned,,578,4,4,4,4
Partitions scanned,,579,3,3,3,3
Partitions scanned,,580,4,4,4,4
Partitions scanned,,581,3,3,3,3
Partitions scanned,,582,3,3,3,3
Partitions scanned,,583,3,3,3,3
Partitions scanned,,584,4,4,4,4
Partitions scanned,,585,4,4,4,4
Partitions scanned,,586,4,4,4,4
Partitions scanned,,587,4,4,4,4
Partitions scanned,,588,4,4,4,4
Partitions scanned,,589,4,4,4,4
Partitions scanned,,590,4,4,4,4
Partitions scanned,,591,4,4,4,4
Partitions scanned,,592,4,4,4,4
Partitions scanned,,593,4,4,4,4
Partitions scanned,,594,4,4,4,4
Partitions scanned,,595,4,4,4,4
Partitions scanned,,596,4,4,4,4
Partitions scanned,,597,4,4,4,4
Partitions scanned,,598,4,4,4,4
Partitions scanned,,599,4,4,4,4
Partitions scanned,,600,4,4,4,4
Partitions scanned,,601,3,3,3,3
Partitions scanned,,602,3,3,3,3
Partitions scanned,,603,3,3,3,3
Partitions scanned,,604,4,4,4,4
Partitions scanned,,605,4,4,4,4
Partitions scanned,,606,4,4,4,4
Partitions scanned,,607,3,3,3,3
Partitions scanned,,608,3,3,3,3
Partitions scanned,,609,4,4,4,4
Partitions scanned,,610,4,4,4,4
Partitions scanned,,611,4,4,4,4
Partitions scanned,,612,4,4,4,4
Partitions scanned,,613,4,4,4,4
Partitions scanned,,614,4,4,4,4
Partitions scanned,,615,4,4,4,4
Partitions scanned,,616,4,4,4,4
Partitions scanned,,617,3,3,3,3
Partitions scanned,,618,4,4,4,4
Partitions scanned,,619,4,4,4,4
Partitions scanned,,620,4,4,4,4
Partitions scanned,,621,4,4,4,4
Partitions scanned,,622,4,4,4,4
Partitions scanned,,623,4,4,4,4
Partitions scanned,,624,4,4,4,4
Partitions scanned,,625,3,3,3,3
Partitions scanned,,626,4,4,4,4
Partitions scanned,,627,4,4,4,4
Partitions scanned,,628,3,3,3,3
Partitions scanned,,629,3,3,3,3
Partitions scanned,,630,4,4,4,4
Partitions scanned,,631,4,4,4,4
Partitions scanned,,632,4,4,4,4
Partitions scanned,,633,4,4,4,4
Partitions scanned,,634,4,4,4,4
Partitions scanned,,635,4,4,4,4
Partitions scanned,,636,4,4,4,4
Partitions scanned,,637,4,4,4,4
Partitions scanned,,638,4,4,4,4
Partitions scanned,,639,4,4,4,4
Partitions scanned,,640,4,4,4,4
Partitions scanned,,641,4,4,4,4
Partitions scanned,,642,3,3,3,3
Partitions scanned,,643,4,4,4,4
Partitions scanned,,644,4,4,4,4
Partitions scanned,,645,4,4,4,4
Partitions scanned,,646,4,4,4,4
Partitions scanned,,647,4,4,4,4
Partitions scanned,,648,3,3,3,3
Partitions scanned,,649,4,4,4,4
Partitions scanned,,650,4,4,4,4
Partitions scanned,,651,3,3,3,3
Partitions scanned,,652,4,4,4,4
Partitions scanned,,653,4,4,4,4
Partitions scanned,,654,4,4,4,4
Partitions scanned,,655,3,3,3,3
Partitions scanned,,656,4,4,4,4
Partitions scanned,,657,4,4,4,4
Partitions scanned,,658,4,4,4,4
Partitions scanned,,659,4,4,4,4
Partitions scanned,,660,4,4,4,4
Partitions scanned,,661,4,4,4,4
Partitions scanned,,662,4,4,4,4
Partitions scanned,,663,4,4,4,4
Partitions scanned,,664,4,4,4,4
Partitions scanned,,665,4,4,4,4
Partitions scanned,,666,4,4,4,4
Partitions scanned,,667,4,4,4,4
Partitions scanned,,668,4,4,4,4
Partitions scanned,,669,4,4,4,4
Partitions scanned,,670,4,4,4,4
Partitions scanned,,671,3,3,3,3
Partitions scanned,,672,4,4,4,4
Partitions scanned,,673,3,3,3,3
Partitions scanned,,674,4,4,4,4
Partitions scanned,,675,4,4,4,4
Partitions scanned,,676,4,4,4,4
Partitions scanned,,677,4,4,4,4
Partitions scanned,,678,4,4,4,4
Partitions scanned,,679,4,4,4,4
Partitions scanned,,680,4,4,4,4
Partitions scanned,,681,4,4,4,4
Partitions scanned,,682,3,3,3,3
Partitions scanned,,683,4,4,4,4
Partitions scanned,,684,4,4,4,4
Partitions scanned,,685,4,4,4,4
Partitions scanned,,686,4,4,4,4
Partitions scanned,,687,3,3,3,3
Partitions scanned,,688,4,4,4,4
Partitions scanned,,689,4,4,4,4
Partitions scanned,,690,4,4,4,4
Partitions scanned,,691,4,4,4,4
Partitions scanned,,692,3,3,3,3
Partitions scanned,,693,4,4,4,4
Partitions scanned,,694,4,4,4,4
Partitions scanned,,695,4,4,4,4
Partitions scanned,,696,4,4,4,4
Partitions scanned,,697,4,4,4,4
Partitions scanned,,698,4,4,4,4
Partitions scanned,,699,4,4,4,4
Partitions scanned,,700,4,4,4,4
Partitions scanned,,701,4,4,4,4
Partitions scanned,,702,4,4,4,4
Partitions scanned,,703,4,4,4,4
Partitions scanned,,704,4,4,4,4
Partitions scanned,,705,4,4,4,4
Partitions scanned,,706,4,4,4,4
Partitions scanned,,707,4,4,4,4
Partitions scanned,,708,3,3,3,3
Partitions scanned,,709,4,4,4,4
Partitions scanned,,710,4,4,4,4
Partitions scanned,,711,4,4,4,4
Partitions scanned,,712,4,4,4,4
Partitions scanned,,713,4,4,4,4
Partitions scanned,,714,4,4,4,4
Partitions scanned,,715,4,4,4,4
Partitions scanned,,716,4,4,4,4
Partitions scanned,,717,4,4,4,4
Partitions scanned,,718,4,4,4,4
Partitions scanned,,719,3,3,3,3
Partitions scanned,,720,3,3,3,3
Partitions scanned,,721,4,4,4,4
Partitions scanned,,722,4,4,4,4
Partitions scanned,,723,4,4,4,4
Partitions scanned,,724,4,4,4,4
Partitions scanned,,725,4,4,4,4
Partitions scanned,,726,4,4,4,4
Partitions scanned,,727,4,4,4,4
Partitions scanned,,728,4,4,4,4
Partitions scanned,,729,4,4,4,4
Partitions scanned,,730,4,4,4,4
Partitions scanned,,731,3,3,3,3
Partitions scanned,,732,4,4,4,4
Partitions scanned,,733,4,4,4,4
Partitions scanned,,734,4,4,4,4
Partitions scanned,,735,4,4,4,4
Partitions scanned,,736,4,4,4,4
Partitions scanned,,737,4,4,4,4
Partitions scanned,,738,4,4,4,4
Partitions scanned,,739,3,3,3,3
Partitions scanned,,740,4,4,4,4
Partitions scanned,,741,3,3,3,3
Partitions scanned,,742,3,3,3,3
Partitions scanned,,743,4,4,4,4
Partitions scanned,,744,3,3,3,3
Partitions scanned,,745,4,4,4,4
Partitions scanned,,746,4,4,4,4
Partitions scanned,,747,4,4,4,4
Partitions scanned,,748,4,4,4,4
Partitions scanned,,749,4,4,4,4
Partitions scanned,,750,3,3,3,3
Partitions scanned,,751,3,3,3,3
Partitions scanned,,752,4,4,4,4
Partitions scanned,,753,4,4,4,4
Partitions scanned,,754,3,3,3,3
Partitions scanned,,755,4,4,4,4
Partitions scanned,,756,4,4,4,4
Partitions scanned,,757,3,3,3,3
Partitions scanned,,758,4,4,4,4
Partitions scanned,,759,4,4,4,4
Partitions scanned,,760,4,4,4,4
Partitions scanned,,761,4,4,4,4
Partitions scanned,,762,4,4,4,4
Partitions scanned,,763,4,4,4,4
Partitions scanned,,764,4,4,4,4
Partitions scanned,,765,4,4,4,4
Partitions scanned,,766,4,4,4,4
Partitions scanned,,767,4,4,4,4
Partitions scanned,,768,4,4,4,4
Partitions scanned,,769,3,3,3,3
Partitions scanned,,770,4,4,4,4
Partitions scanned,,771,4,4,4,4
Partitions scanned,,772,4,4,4,4
Partitions scanned,,773,4,4,4,4
Partitions scanned,,774,4,4,4,4
Partitions scanned,,775,4,4,4,4
Partitions scanned,,776,4,4,4,4
Partitions scanned,,777,4,4,4,4
Partitions scanned,,778,4,4,4,4
Partitions scanned,,779,4,4,4,4
Partitions scanned,,780,4,4,4,4
Partitions scanned,,781,4,4,4,4
Partitions scanned,,782,4,4,4,4
Partitions scanned,,783,4,4,4,4
Partitions scanned,,784,4,4,4,4
Partitions scanned,,785,3,3,3,3
Partitions scanned,,786,3,3,3,3
Partitions scanned,,787,4,4,4,4
Partitions scanned,,788,4,4,4,4
Partitions scanned,,789,3,3,3,3
Partitions scanned,,790,4,4,4,4
Partitions scanned,,791,4,4,4,4
Partitions scanned,,792,4,4,4,4
Partitions scanned,,793,3,3,3,3
Partitions scanned,,794,4,4,4,4
Partitions scanned,,795,4,4,4,4
Partitions scanned,,796,4,4,4,4
Partitions scanned,,797,4,4,4,4
Partitions scanned,,798,4,4,4,4
Partitions scanned,,799,4,4,4,4
Partitions scanned,,800,4,4,4,4
Partitions scanned,,801,3,3,3,3
Partitions scanned,,802,4,4,4,4
Partitions scanned,,803,4,4,4,4
Partitions scanned,,804,4,4,4,4
Partitions scanned,,805,4,4,4,4
Partitions scanned,,806,3,3,3,3
Partitions scanned,,807,4,4,4,4
Partitions scanned,,808,4,4,4,4
Partitions scanned,,809,3,3,3,3
Partitions scanned,,810,4,4,4,4
Partitions scanned,,811,4,4,4,4
Partitions scanned,,812,4,4,4,4
Partitions scanned,,813,4,4,4,4
Partitions scanned,,814,3,3,3,3
Partitions scanned,,815,4,4,4,4
Partitions scanned,,816,4,4,4,4
Partitions scanned,,817,4,4,4,4
Partitions scanned,,818,4,4,4,4
Partitions scanned,,819,4,4,4,4
Partitions scanned,,820,4,4,4,4
Partitions scanned,,821,4,4,4,4
Partitions scanned,,822,4,4,4,4
Partitions scanned,,823,4,4,4,4
Partitions scanned,,824,3,3,3,3
Partitions scanned,,825,3,3,3,3
Partitions scanned,,826,3,3,3,3
Partitions scanned,,827,3,3,3,3
Partitions scanned,,828,4,4,4,4
Partitions scanned,,829,4,4,4,4
Partitions scanned,,830,4,4,4,4
Partitions scanned,,831,4,4,4,4
Partitions scanned,,832,4,4,4,4
Partitions scanned,,833,4,4,4,4
Partitions scanned,,834,4,4,4,4
Partitions scanned,,835,4,4,4,4
Partitions scanned,,836,4,4,4,4
Partitions scanned,,837,4,4,4,4
Partitions scanned,,838,4,4,4,4
Partitions scanned,,839,3,3,3,3
Partitions scanned,,840,4,4,4,4
Partitions scanned,,841,4,4,4,4
Partitions scanned,,842,3,3,3,3
Partitions scanned,,843,4,4,4,4
Partitions scanned,,844,4,4,4,4
Partitions scanned,,845,4,4,4,4
Partitions scanned,,846,3,3,3,3
Partitions scanned,,847,4,4,4,4
Partitions scanned,,848,4,4,4,4
Partitions scanned,,849,4,4,4,4
Partitions scanned,,850,4,4,4,4
Partitions scanned,,851,4,4,4,4
Partitions scanned,,852,4,4,4,4
Partitions scanned,,853,4,4,4,4
Partitions scanned,,854,4,4,4,4
Partitions scanned,,855,4,4,4,4
Partitions scanned,,856,4,4,4,4
Partitions scanned,,857,4,4,4,4
Partitions scanned,,858,4,4,4,4
Partitions scanned,,859,4,4,4,4
Partitions scanned,,860,4,4,4,4
Partitions scanned,,861,3,3,3,3
Partitions scanned,,862,4,4,4,4
Partitions scanned,,863,4,4,4,4
Partitions scanned,,864,4,4,4,4
Partitions scanned,,865,4,4,4,4
Partitions scanned,,866,3,3,3,3
Partitions scanned,,867,3,3,3,3
Partitions scanned,,868,4,4,4,4
Partitions scanned,,869,4,4,4,4
Partitions scanned,,870,4,4,4,4
Partitions scanned,,871,3,3,3,3
Partitions scanned,,872,3,3,3,3
Partitions scanned,,873,4,4,4,4
Partitions scanned,,874,4,4,4,4
Partitions scanned,,875,4,4,4,4
Partitions scanned,,876,4,4,4,4
Partitions scanned,,877,3,3,3,3
Partitions scanned,,878,3,3,3,3
Partitions scanned,,879,4,4,4,4
Partitions scanned,,880,4,4,4,4
Partitions scanned,,881,4,4,4,4
Partitions scanned,,882,4,4,4,4
Partitions scanned,,883,4,4,4,4
Partitions scanned,,884,4,4,4,4
Partitions scanned,,885,3,3,3,3
Partitions scanned,,886,3,3,3,3
Partitions scanned,,887,4,4,4,4
Partitions scanned,,888,4,4,4,4
Partitions scanned,,889,4,4,4,4
Partitions scanned,,890,4,4,4,4
Partitions scanned,,891,4,4,4,4
Partitions scanned,,892,4,4,4,4
Partitions scanned,,893,4,4,4,4
Partitions scanned,,894,4,4,4,4
Partitions scanned,,895,4,4,4,4
Partitions scanned,,896,4,4,4,4
Partitions scanned,,897,4,4,4,4
Partitions scanned,,898,3,3,3,3
Partitions scanned,,899,4,4,4,4
Partitions scanned,,900,3,3,3,3
Partitions scanned,,901,4,4,4,4
Partitions scanned,,902,4,4,4,4
Partitions scanned,,903,4,4,4,4
Partitions scanned,,904,4,4,4,4
Partitions scanned,,905,4,4,4,4
Partitions scanned,,906,4,4,4,4
Partitions scanned,,907,4,4,4,4
Partitions scanned,,908,4,4,4,4
Partitions scanned,,909,4,4,4,4
Partitions scanned,,910,4,4,4,4
Partitions scanned,,911,4,4,4,4
Partitions scanned,,912,4,4,4,4
Partitions scanned,,913,4,4,4,4
Partitions scanned,,914,3,3,3,3
Partitions scanned,,915,4,4,4,4
Partitions scanned,,916,4,4,4,4
Partitions scanned,,917,3,3,3,3
Partitions scanned,,918,4,4,4,4
Partitions scanned,,919,3,3,3,3
Partitions scanned,,920,4,4,4,4
Partitions scanned,,921,4,4,4,4
Partitions scanned,,922,4,4,4,4
Partitions scanned,,923,3,3,3,3
Partitions scanned,,924,4,4,4,4
Partitions scanned,,925,4,4,4,4
Partitions scanned,,926,4,4,4,4
Partitions scanned,,927,4,4,4,4
Partitions scanned,,928,3,3,3,3
Partitions scanned,,929,4,4,4,4
Partitions scanned,,930,3,3,3,3
Partitions scanned,,931,4,4,4,4
Partitions scanned,,932,4,4,4,4
Partitions scanned,,933,4,4,4,4
Partitions scanned,,934,4,4,4,4
Partitions scanned,,935,4,4,4,4
Partitions scanned,,936,4,4,4,4
Partitions scanned,,937,4,4,4,4
Partitions scanned,,938,4,4,4,4
Partitions scanned,,939,4,4,4,4
Partitions scanned,,940,3,3,3,3
Partitions scanned,,941,4,4,4,4
Partitions scanned,,942,3,3,3,3
Partitions scanned,,943,3,3,3,3
Partitions scanned,,944,4,4,4,4
Partitions scanned,,945,4,4,4,4
Partitions scanned,,946,4,4,4,4
Partitions scanned,,947,4,4,4,4
Partitions scanned,,948,4,4,4,4
Partitions scanned,,949,4,4,4,4
Partitions scanned,,950,4,4,4,4
Partitions scanned,,951,4,4,4,4
Partitions scanned,,952,4,4,4,4
Partitions scanned,,953,4,4,4,4
Partitions scanned,,954,4,4,4,4
Partitions scanned,,955,4,4,4,4
Partitions scanned,,956,3,3,3,3
Partitions scanned,,957,4,4,4,4
Partitions scanned,,958,4,4,4,4
Partitions scanned,,959,4,4,4,4
Partitions scanned,,960,4,4,4,4
Partitions scanned,,961,3,3,3,3
Partitions scanned,,962,4,4,4,4
Partitions scanned,,963,3,3,3,3
Partitions scanned,,964,4,4,4,4
Partitions scanned,,965,4,4,4,4
Partitions scanned,,966,4,4,4,4
Partitions scanned,,967,4,4,4,4
Partitions scanned,,968,4,4,4,4
Partitions scanned,,969,4,4,4,4
Partitions scanned,,970,4,4,4,4
Partitions scanned,,971,4,4,4,4
Partitions scanned,,972,4,4,4,4
Partitions scanned,,973,4,4,4,4
Partitions scanned,,974,4,4,4,4
Partitions scanned,,975,4,4,4,4
Partitions scanned,,976,3,3,3,3
Partitions scanned,,977,4,4,4,4
Partitions scanned,,978,4,4,4,4
Partitions scanned,,979,4,4,4,4
Partitions scanned,,980,4,4,4,4
Partitions scanned,,981,4,4,4,4
Partitions scanned,,982,4,4,4,4
Partitions scanned,,983,3,3,3,3
Partitions scanned,,984,3,3,3,3
Partitions scanned,,985,3,3,3,3
Partitions scanned,,986,4,4,4,4
Partitions scanned,,987,4,4,4,4
Partitions scanned,,988,4,4,4,4
Partitions scanned,,989,3,3,3,3
Partitions scanned,,990,4,4,4,4
Partitions scanned,,991,3,3,3,3
Partitions scanned,,992,3,3,3,3
Partitions scanned,,993,4,4,4,4
Partitions scanned,,994,4,4,4,4
Partitions scanned,,995,4,4,4,4
Partitions scanned,,996,4,4,4,4
Partitions scanned,,997,4,4,4,4
Partitions scanned,,998,4,4,4,4
Partitions scanned,,999,4,4,4,4
Partitions scanned,,1000,4,4,4,4
