Name,Unit,Query,MIN_MAX,GREEDY_SIMPLE_1,GREEDY_1,CLUSTER_10,BLOOM_10,GREEDY_SIMPLE_10,GREEDY_10,CLUSTER_50,BLOOM_50,GREEDY_SIMPLE_50,GREEDY_50,CLUSTER_200,BLOOM_200,GREEDY_SIMPLE_200,GREEDY_200
Partitions scanned,,1,78,69,62,47,120,41,35,46,86,10,10,42,26,10,10
Partitions scanned,,2,62,69,46,46,122,41,34,44,82,8,8,42,31,8,8
Partitions scanned,,3,52,69,47,47,123,43,31,46,87,13,13,42,27,13,13
Partitions scanned,,4,54,69,46,46,122,39,29,43,80,9,9,36,25,9,9
Partitions scanned,,5,64,69,48,47,122,42,34,44,91,9,9,41,23,9,9
Partitions scanned,,6,71,69,55,45,122,39,34,43,99,8,8,41,26,8,8
Partitions scanned,,7,76,69,60,46,122,41,33,44,91,13,13,39,36,13,13
Partitions scanned,,8,70,69,54,47,121,42,33,46,86,8,8,43,25,8,8
Partitions scanned,,9,64,69,48,47,123,43,33,46,84,12,12,44,29,12,12
Partitions scanned,,10,76,69,60,47,121,41,36,46,89,13,13,44,24,13,13
Partitions scanned,,11,65,69,49,46,122,40,28,45,85,8,8,40,26,8,8
Partitions scanned,,12,66,69,50,45,122,42,29,44,84,9,9,43,29,9,9
Partitions scanned,,13,74,69,58,46,123,40,33,45,86,12,12,43,27,12,12
Partitions scanned,,14,78,69,62,47,122,40,26,46,78,7,7,45,16,7,7
Partitions scanned,,15,68,69,52,47,121,41,33,47,83,11,11,43,21,11,11
Partitions scanned,,16,77,69,61,46,123,42,34,46,87,13,13,40,30,13,13
Partitions scanned,,17,83,70,67,47,122,41,34,45,86,8,8,40,29,8,8
Partitions scanned,,18,78,69,62,47,122,41,36,46,87,11,11,43,29,11,11
Partitions scanned,,19,61,70,47,47,122,41,32,45,79,11,11,41,24,11,11
Partitions scanned,,20,82,69,66,45,122,42,31,43,88,12,12,35,37,12,12
Partitions scanned,,21,62,69,46,46,121,39,31,43,88,8,8,41,22,8,8
Partitions scanned,,22,77,69,61,46,123,41,34,45,83,13,13,43,33,13,13
Partitions scanned,,23,75,69,59,47,122,43,35,44,87,12,12,42,23,12,12
Partitions scanned,,24,55,69,47,46,123,40,35,46,91,8,8,43,26,8,8
Partitions scanned,,25,52,69,46,43,122,42,32,40,96,7,7,36,23,7,7
Partitions scanned,,26,71,69,55,46,122,41,34,43,89,8,8,37,23,8,8
Partitions scanned,,27,74,69,58,46,123,41,35,45,90,12,12,44,30,12,12
Partitions scanned,,28,57,70,47,46,122,42,32,44,83,7,7,41,24,7,7
Partitions scanned,,29,63,69,47,46,122,39,27,43,78,6,6,40,21,6,6
Partitions scanned,,30,52,69,46,45,123,40,32,44,85,16,16,42,30,16,16
Partitions scanned,,31,67,70,51,47,122,42,33,46,81,10,10,41,26,10,10
Partitions scanned,,32,61,69,47,46,123,41,30,45,88,12,12,42,23,12,12
Partitions scanned,,33,66,70,50,47,121,42,37,46,100,15,15,42,31,15,15
Partitions scanned,,34,54,69,46,44,123,40,33,43,87,7,7,38,20,7,7
Partitions scanned,,35,78,69,62,46,123,40,34,45,89,12,12,43,30,12,12
Partitions scanned,,36,66,70,50,47,121,42,33,47,87,13,13,42,28,13,13
Partitions scanned,,37,55,69,47,47,122,41,34,45,92,12,12,42,29,12,12
Partitions scanned,,38,47,69,47,47,122,41,35,42,82,9,9,37,18,9,9
Partitions scanned,,39,54,70,47,46,122,42,40,44,96,9,9,40,27,9,9
Partitions scanned,,40,78,69,62,47,122,41,37,47,92,10,10,42,28,10,10
Partitions scanned,,41,74,69,58,46,122,40,31,45,85,14,14,38,34,14,14
Partitions scanned,,42,78,69,62,47,122,42,37,47,90,14,14,46,30,14,14
Partitions scanned,,43,70,69,54,47,123,40,30,46,78,12,12,44,31,12,12
Partitions scanned,,44,55,70,47,47,122,40,36,46,85,7,7,44,21,7,7
Partitions scanned,,45,52,70,47,47,122,41,33,46,85,10,10,40,24,10,10
Partitions scanned,,46,53,70,47,47,121,40,29,47,86,9,9,43,24,9,9
Partitions scanned,,47,52,69,46,46,123,41,35,45,93,8,8,42,23,8,8
Partitions scanned,,48,82,69,66,45,122,38,33,44,81,7,7,42,25,7,7
Partitions scanned,,49,75,70,59,47,121,42,38,45,93,12,12,42,30,12,12
Partitions scanned,,50,52,69,46,46,122,40,31,45,85,13,13,40,25,13,13
Partitions scanned,,51,78,70,62,46,123,40,35,44,88,10,10,43,26,10,10
Partitions scanned,,52,51,70,47,47,123,42,37,43,92,13,13,40,27,13,13
Partitions scanned,,53,74,69,58,46,121,41,33,46,84,8,8,38,27,8,8
Partitions scanned,,54,82,69,66,46,123,40,37,46,93,7,7,37,26,7,7
Partitions scanned,,55,57,69,47,46,122,41,33,44,81,10,10,43,27,10,10
Partitions scanned,,56,78,69,62,47,123,40,28,44,88,11,11,41,27,11,11
Partitions scanned,,57,82,69,66,47,123,40,33,45,81,10,10,43,27,10,10
Partitions scanned,,58,54,69,46,46,122,41,35,44,90,9,9,38,27,9,9
Partitions scanned,,59,79,69,63,46,122,43,38,44,98,9,9,41,25,9,9
Partitions scanned,,60,73,69,57,44,123,42,29,43,81,11,11,42,32,11,11
Partitions scanned,,61,55,69,47,47,122,41,33,46,83,11,11,44,27,11,11
Partitions scanned,,62,74,69,58,46,123,43,31,46,85,11,11,43,29,11,11
Partitions scanned,,63,60,69,46,46,123,41,35,45,91,6,6,43,27,6,6
Partitions scanned,,64,69,70,53,47,122,42,36,47,89,8,8,43,23,8,8
Partitions scanned,,65,78,69,62,46,121,42,36,45,96,13,13,42,35,13,13
Partitions scanned,,66,67,69,51,47,122,41,40,46,99,15,15,39,36,15,15
Partitions scanned,,67,83,70,67,47,122,42,37,45,96,10,10,43,19,10,10
Partitions scanned,,68,78,69,62,47,122,43,38,46,97,8,8,38,24,8,8
Partitions scanned,,69,78,69,62,46,123,40,34,43,87,13,13,40,29,13,13
Partitions scanned,,70,52,69,46,45,121,41,29,44,86,7,7,41,28,7,7
Partitions scanned,,71,77,69,61,46,123,43,36,45,96,13,13,43,30,13,13
Partitions scanned,,72,58,69,47,46,122,40,30,43,85,9,9,40,27,9,9
Partitions scanned,,73,61,69,47,46,121,41,31,45,84,11,11,42,29,11,11
Partitions scanned,,74,61,69,47,46,122,42,33,44,93,11,11,41,23,11,11
Partitions scanned,,75,69,70,53,46,122,42,33,44,84,11,11,39,21,11,11
Partitions scanned,,76,71,69,55,45,122,41,29,43,78,5,5,41,20,5,5
Partitions scanned,,77,80,69,64,47,122,43,35,46,93,13,13,41,26,13,13
Partitions scanned,,78,57,69,47,46,122,42,38,44,97,13,13,41,35,13,13
Partitions scanned,,79,47,69,47,47,123,42,34,46,86,15,15,40,36,15,15
Partitions scanned,,80,61,69,47,46,123,41,30,45,79,12,12,38,25,12,12
Partitions scanned,,81,57,69,47,45,121,43,34,44,94,15,15,42,30,15,15
Partitions scanned,,82,54,69,46,46,121,38,27,45,75,5,5,37,18,5,5
Partitions scanned,,83,71,69,55,46,122,41,38,46,92,11,11,42,28,11,11
Partitions scanned,,84,66,70,50,46,122,42,34,44,77,11,11,41,24,11,11
Partitions scanned,,85,64,69,48,47,122,42,37,46,97,10,10,45,26,10,10
Partitions scanned,,86,57,69,47,47,122,44,32,44,88,12,12,37,29,12,12
Partitions scanned,,87,72,69,56,45,122,41,37,44,88,19,19,42,37,19,19
Partitions scanned,,88,78,70,62,47,122,42,36,46,91,3,3,42,16,3,3
Partitions scanned,,89,64,69,48,47,122,39,34,44,84,9,9,41,24,9,9
Partitions scanned,,90,52,69,47,47,122,42,39,46,90,10,10,44,32,10,10
Partitions scanned,,91,78,70,62,47,122,42,34,46,81,10,10,46,21,10,10
Partitions scanned,,92,64,69,48,47,122,41,33,45,88,13,13,44,28,13,13
Partitions scanned,,93,64,69,48,46,122,42,38,45,99,17,17,44,33,17,17
Partitions scanned,,94,71,69,55,47,123,42,34,47,98,12,12,43,25,12,12
Partitions scanned,,95,66,70,50,46,122,41,32,44,82,11,11,38,28,11,11
Partitions scanned,,96,76,69,60,46,122,42,37,45,89,13,13,40,33,13,13
Partitions scanned,,97,67,70,51,46,122,42,35,46,88,7,7,41,19,7,7
Partitions scanned,,98,71,69,55,47,123,40,36,47,92,10,10,42,33,10,10
Partitions scanned,,99,66,69,50,46,123,40,34,45,88,6,6,42,16,6,6
Partitions scanned,,100,64,69,48,46,122,40,33,45,91,7,7,41,25,7,7
