table_name,rowgroup,col,statistic,statistic_alias,size,pruning_power
sensor_records,1,0,0,NONE,1,0.0
sensor_records,22,0,0,NONE,1,0.0
sensor_records,24,0,0,NONE,1,0.0
sensor_records,72,0,0,NONE,1,0.0
sensor_records,84,0,0,NONE,1,0.0
sensor_records,101,0,0,NONE,1,0.0
sensor_records,115,0,0,NONE,1,0.0
sensor_records,2,0,0,NONE,1,0.0
sensor_records,7,0,0,NONE,1,0.0
sensor_records,21,0,0,NONE,1,0.0
sensor_records,44,0,0,NONE,1,0.0
sensor_records,53,0,0,NONE,1,0.0
sensor_records,71,0,0,NONE,1,0.0
sensor_records,89,0,0,NONE,1,0.0
sensor_records,118,0,0,NONE,1,0.0
sensor_records,120,0,0,NONE,1,0.0
sensor_records,16,0,0,NONE,1,0.0
sensor_records,17,0,0,NONE,1,0.0
sensor_records,42,0,0,NONE,1,0.0
sensor_records,62,0,0,NONE,1,0.0
sensor_records,106,0,0,NONE,1,0.0
sensor_records,12,0,0,NONE,1,0.0
sensor_records,26,0,0,NONE,1,0.0
sensor_records,40,0,0,NONE,1,0.0
sensor_records,49,0,0,NONE,1,0.0
sensor_records,78,0,0,NONE,1,0.0
sensor_records,13,0,0,NONE,1,0.0
sensor_records,60,0,0,NONE,1,0.0
sensor_records,75,0,0,NONE,1,0.0
sensor_records,91,0,0,NONE,1,0.0
sensor_records,99,0,0,NONE,1,0.0
sensor_records,34,0,0,NONE,1,0.0
sensor_records,41,0,0,NONE,1,0.0
sensor_records,54,0,0,NONE,1,0.0
sensor_records,57,0,0,NONE,1,0.0
sensor_records,68,0,0,NONE,1,0.0
sensor_records,81,0,0,NONE,1,0.0
sensor_records,121,0,0,NONE,1,0.0
sensor_records,0,0,0,NONE,1,0.0
sensor_records,25,0,0,NONE,1,0.0
sensor_records,29,0,0,NONE,1,0.0
sensor_records,30,0,0,NONE,1,0.0
sensor_records,37,0,0,NONE,1,0.0
sensor_records,38,0,0,NONE,1,0.0
sensor_records,51,0,0,NONE,1,0.0
sensor_records,98,0,0,NONE,1,0.0
sensor_records,102,0,0,NONE,1,0.0
sensor_records,122,0,0,NONE,1,0.0
sensor_records,4,0,0,NONE,1,0.0
sensor_records,33,0,0,NONE,1,0.0
sensor_records,35,0,0,NONE,1,0.0
sensor_records,66,0,0,NONE,1,0.0
sensor_records,77,0,0,NONE,1,0.0
sensor_records,80,0,0,NONE,1,0.0
sensor_records,100,0,0,NONE,1,0.0
sensor_records,109,0,0,NONE,1,0.0
sensor_records,112,0,0,NONE,1,0.0
sensor_records,8,0,0,NONE,1,0.0
sensor_records,15,0,0,NONE,1,0.0
sensor_records,64,0,0,NONE,1,0.0
sensor_records,104,0,0,NONE,1,0.0
sensor_records,20,0,0,NONE,1,0.0
sensor_records,83,0,0,NONE,1,0.0
sensor_records,97,0,0,NONE,1,0.0
sensor_records,107,0,0,NONE,1,0.0
sensor_records,9,0,0,NONE,1,0.0
sensor_records,14,0,0,NONE,1,0.0
sensor_records,31,0,0,NONE,1,0.0
sensor_records,39,0,0,NONE,1,0.0
sensor_records,63,0,0,NONE,1,0.0
sensor_records,65,0,0,NONE,1,0.0
sensor_records,74,0,0,NONE,1,0.0
sensor_records,6,0,0,NONE,1,0.0
sensor_records,19,0,0,NONE,1,0.0
sensor_records,52,0,0,NONE,1,0.0
sensor_records,56,0,0,NONE,1,0.0
sensor_records,70,0,0,NONE,1,0.0
sensor_records,86,0,0,NONE,1,0.0
sensor_records,90,0,0,NONE,1,0.0
sensor_records,96,0,0,NONE,1,0.0
sensor_records,113,0,0,NONE,1,0.0
sensor_records,119,0,0,NONE,1,0.0
sensor_records,28,0,0,NONE,1,0.0
sensor_records,36,0,0,NONE,1,0.0
sensor_records,43,0,0,NONE,1,0.0
sensor_records,50,0,0,NONE,1,0.0
sensor_records,69,0,0,NONE,1,0.0
sensor_records,73,0,0,NONE,1,0.0
sensor_records,79,0,0,NONE,1,0.0
sensor_records,85,0,0,NONE,1,0.0
sensor_records,94,0,0,NONE,1,0.0
sensor_records,11,0,0,NONE,1,0.0
sensor_records,23,0,0,NONE,1,0.0
sensor_records,45,0,0,NONE,1,0.0
sensor_records,58,0,0,NONE,1,0.0
sensor_records,61,0,0,NONE,1,0.0
sensor_records,87,0,0,NONE,1,0.0
sensor_records,105,0,0,NONE,1,0.0
sensor_records,114,0,0,NONE,1,0.0
sensor_records,117,0,0,NONE,1,0.0
sensor_records,18,0,0,NONE,1,0.0
sensor_records,32,0,0,NONE,1,0.0
sensor_records,48,0,0,NONE,1,0.0
sensor_records,67,0,0,NONE,1,0.0
sensor_records,93,0,0,NONE,1,0.0
sensor_records,95,0,0,NONE,1,0.0
sensor_records,103,0,0,NONE,1,0.0
sensor_records,108,0,0,NONE,1,0.0
sensor_records,111,0,0,NONE,1,0.0
sensor_records,3,0,0,NONE,1,0.0
sensor_records,5,0,0,NONE,1,0.0
sensor_records,10,0,0,NONE,1,0.0
sensor_records,27,0,0,NONE,1,0.0
sensor_records,46,0,0,NONE,1,0.0
sensor_records,47,0,0,NONE,1,0.0
sensor_records,55,0,0,NONE,1,0.0
sensor_records,59,0,0,NONE,1,0.0
sensor_records,76,0,0,NONE,1,0.0
sensor_records,82,0,0,NONE,1,0.0
sensor_records,88,0,0,NONE,1,0.0
sensor_records,92,0,0,NONE,1,0.0
sensor_records,110,0,0,NONE,1,0.0
sensor_records,116,0,0,NONE,1,0.0
sensor_records,6,0,1,MIN_MAX,24,0.0
sensor_records,19,0,1,MIN_MAX,24,0.12
sensor_records,52,0,1,MIN_MAX,24,0.33
sensor_records,56,0,1,MIN_MAX,24,0.33
sensor_records,70,0,1,MIN_MAX,24,0.0
sensor_records,86,0,1,MIN_MAX,24,1.0
sensor_records,90,0,1,MIN_MAX,24,0.99
sensor_records,96,0,1,MIN_MAX,24,0.72
sensor_records,113,0,1,MIN_MAX,24,0.0
sensor_records,119,0,1,MIN_MAX,24,1.0
sensor_records,1,0,1,MIN_MAX,24,0.0
sensor_records,22,0,1,MIN_MAX,24,1.0
sensor_records,24,0,1,MIN_MAX,24,0.97
sensor_records,72,0,1,MIN_MAX,24,0.52
sensor_records,84,0,1,MIN_MAX,24,0.0
sensor_records,101,0,1,MIN_MAX,24,1.0
sensor_records,115,0,1,MIN_MAX,24,0.94
sensor_records,12,0,1,MIN_MAX,24,0.99
sensor_records,26,0,1,MIN_MAX,24,0.0
sensor_records,40,0,1,MIN_MAX,24,0.27
sensor_records,49,0,1,MIN_MAX,24,1.0
sensor_records,78,0,1,MIN_MAX,24,0.0
sensor_records,34,0,1,MIN_MAX,24,0.97
sensor_records,41,0,1,MIN_MAX,24,0.0
sensor_records,54,0,1,MIN_MAX,24,0.0
sensor_records,57,0,1,MIN_MAX,24,0.0
sensor_records,68,0,1,MIN_MAX,24,0.0
sensor_records,81,0,1,MIN_MAX,24,0.58
sensor_records,121,0,1,MIN_MAX,24,0.98
sensor_records,4,0,1,MIN_MAX,24,0.02
sensor_records,33,0,1,MIN_MAX,24,0.99
sensor_records,35,0,1,MIN_MAX,24,0.25
sensor_records,66,0,1,MIN_MAX,24,0.0
sensor_records,77,0,1,MIN_MAX,24,0.98
sensor_records,80,0,1,MIN_MAX,24,0.56
sensor_records,100,0,1,MIN_MAX,24,0.76
sensor_records,109,0,1,MIN_MAX,24,0.88
sensor_records,112,0,1,MIN_MAX,24,0.92
sensor_records,8,0,1,MIN_MAX,24,0.03
sensor_records,15,0,1,MIN_MAX,24,1.0
sensor_records,64,0,1,MIN_MAX,24,0.98
sensor_records,104,0,1,MIN_MAX,24,0.97
sensor_records,0,0,1,MIN_MAX,24,1.0
sensor_records,25,0,1,MIN_MAX,24,0.0
sensor_records,29,0,1,MIN_MAX,24,0.0
sensor_records,30,0,1,MIN_MAX,24,0.21
sensor_records,37,0,1,MIN_MAX,24,0.26
sensor_records,38,0,1,MIN_MAX,24,1.0
sensor_records,51,0,1,MIN_MAX,24,0.0
sensor_records,98,0,1,MIN_MAX,24,0.0
sensor_records,102,0,1,MIN_MAX,24,0.99
sensor_records,122,0,1,MIN_MAX,24,0.0
sensor_records,16,0,1,MIN_MAX,24,0.0
sensor_records,17,0,1,MIN_MAX,24,0.0
sensor_records,42,0,1,MIN_MAX,24,1.0
sensor_records,62,0,1,MIN_MAX,24,0.0
sensor_records,106,0,1,MIN_MAX,24,0.99
sensor_records,2,0,1,MIN_MAX,24,0.02
sensor_records,7,0,1,MIN_MAX,24,1.0
sensor_records,21,0,1,MIN_MAX,24,0.0
sensor_records,44,0,1,MIN_MAX,24,0.0
sensor_records,53,0,1,MIN_MAX,24,1.0
sensor_records,71,0,1,MIN_MAX,24,0.98
sensor_records,89,0,1,MIN_MAX,24,0.66
sensor_records,118,0,1,MIN_MAX,24,0.0
sensor_records,120,0,1,MIN_MAX,24,0.0
sensor_records,20,0,1,MIN_MAX,24,0.12
sensor_records,83,0,1,MIN_MAX,24,0.64
sensor_records,97,0,1,MIN_MAX,24,0.73
sensor_records,107,0,1,MIN_MAX,24,0.99
sensor_records,13,0,1,MIN_MAX,24,0.0
sensor_records,60,0,1,MIN_MAX,24,0.97
sensor_records,75,0,1,MIN_MAX,24,1.0
sensor_records,91,0,1,MIN_MAX,24,0.0
sensor_records,99,0,1,MIN_MAX,24,0.0
sensor_records,11,0,1,MIN_MAX,24,0.0
sensor_records,23,0,1,MIN_MAX,24,0.0
sensor_records,45,0,1,MIN_MAX,24,0.0
sensor_records,58,0,1,MIN_MAX,24,0.35
sensor_records,61,0,1,MIN_MAX,24,0.39
sensor_records,87,0,1,MIN_MAX,24,0.65
sensor_records,105,0,1,MIN_MAX,24,0.97
sensor_records,114,0,1,MIN_MAX,24,0.93
sensor_records,117,0,1,MIN_MAX,24,0.97
sensor_records,28,0,1,MIN_MAX,24,0.0
sensor_records,36,0,1,MIN_MAX,24,0.0
sensor_records,43,0,1,MIN_MAX,24,0.0
sensor_records,50,0,1,MIN_MAX,24,0.96
sensor_records,69,0,1,MIN_MAX,24,0.48
sensor_records,73,0,1,MIN_MAX,24,0.53
sensor_records,79,0,1,MIN_MAX,24,0.56
sensor_records,85,0,1,MIN_MAX,24,1.0
sensor_records,94,0,1,MIN_MAX,24,0.0
sensor_records,9,0,1,MIN_MAX,24,0.99
sensor_records,14,0,1,MIN_MAX,24,1.0
sensor_records,31,0,1,MIN_MAX,24,0.21
sensor_records,39,0,1,MIN_MAX,24,0.27
sensor_records,63,0,1,MIN_MAX,24,0.43
sensor_records,65,0,1,MIN_MAX,24,0.98
sensor_records,74,0,1,MIN_MAX,24,1.0
sensor_records,3,0,1,MIN_MAX,24,0.02
sensor_records,5,0,1,MIN_MAX,24,0.99
sensor_records,10,0,1,MIN_MAX,24,0.04
sensor_records,27,0,1,MIN_MAX,24,0.99
sensor_records,46,0,1,MIN_MAX,24,0.0
sensor_records,47,0,1,MIN_MAX,24,0.99
sensor_records,55,0,1,MIN_MAX,24,1.0
sensor_records,59,0,1,MIN_MAX,24,0.0
sensor_records,76,0,1,MIN_MAX,24,1.0
sensor_records,82,0,1,MIN_MAX,24,0.0
sensor_records,88,0,1,MIN_MAX,24,1.0
sensor_records,92,0,1,MIN_MAX,24,0.0
sensor_records,110,0,1,MIN_MAX,24,0.0
sensor_records,116,0,1,MIN_MAX,24,0.97
sensor_records,18,0,1,MIN_MAX,24,0.0
sensor_records,32,0,1,MIN_MAX,24,0.0
sensor_records,48,0,1,MIN_MAX,24,0.0
sensor_records,67,0,1,MIN_MAX,24,0.0
sensor_records,93,0,1,MIN_MAX,24,0.0
sensor_records,95,0,1,MIN_MAX,24,0.0
sensor_records,103,0,1,MIN_MAX,24,0.0
sensor_records,108,0,1,MIN_MAX,24,0.0
sensor_records,111,0,1,MIN_MAX,24,1.0
sensor_records,11,0,2,CLUSTER_SMALL,168,0.0
sensor_records,23,0,2,CLUSTER_SMALL,168,0.0
sensor_records,45,0,2,CLUSTER_SMALL,168,0.0
sensor_records,58,0,2,CLUSTER_SMALL,168,1.0
sensor_records,61,0,2,CLUSTER_SMALL,168,0.97
sensor_records,87,0,2,CLUSTER_SMALL,168,0.99
sensor_records,105,0,2,CLUSTER_SMALL,168,0.97
sensor_records,114,0,2,CLUSTER_SMALL,168,0.99
sensor_records,117,0,2,CLUSTER_SMALL,168,1.0
sensor_records,18,0,2,CLUSTER_SMALL,168,0.0
sensor_records,32,0,2,CLUSTER_SMALL,168,0.0
sensor_records,48,0,2,CLUSTER_SMALL,168,0.0
sensor_records,67,0,2,CLUSTER_SMALL,168,0.03
sensor_records,93,0,2,CLUSTER_SMALL,168,0.0
sensor_records,95,0,2,CLUSTER_SMALL,168,0.01
sensor_records,103,0,2,CLUSTER_SMALL,168,0.01
sensor_records,108,0,2,CLUSTER_SMALL,168,0.01
sensor_records,111,0,2,CLUSTER_SMALL,168,1.0
sensor_records,3,0,2,CLUSTER_SMALL,168,1.0
sensor_records,5,0,2,CLUSTER_SMALL,168,0.99
sensor_records,10,0,2,CLUSTER_SMALL,168,0.98
sensor_records,27,0,2,CLUSTER_SMALL,168,0.99
sensor_records,46,0,2,CLUSTER_SMALL,168,0.0
sensor_records,47,0,2,CLUSTER_SMALL,168,0.99
sensor_records,55,0,2,CLUSTER_SMALL,168,1.0
sensor_records,59,0,2,CLUSTER_SMALL,168,0.01
sensor_records,76,0,2,CLUSTER_SMALL,168,1.0
sensor_records,82,0,2,CLUSTER_SMALL,168,0.0
sensor_records,88,0,2,CLUSTER_SMALL,168,1.0
sensor_records,92,0,2,CLUSTER_SMALL,168,0.0
sensor_records,110,0,2,CLUSTER_SMALL,168,0.02
sensor_records,116,0,2,CLUSTER_SMALL,168,0.97
sensor_records,12,0,2,CLUSTER_SMALL,168,0.99
sensor_records,26,0,2,CLUSTER_SMALL,168,0.01
sensor_records,40,0,2,CLUSTER_SMALL,168,1.0
sensor_records,49,0,2,CLUSTER_SMALL,168,1.0
sensor_records,78,0,2,CLUSTER_SMALL,168,0.01
sensor_records,4,0,2,CLUSTER_SMALL,168,1.0
sensor_records,33,0,2,CLUSTER_SMALL,168,0.99
sensor_records,35,0,2,CLUSTER_SMALL,168,0.99
sensor_records,66,0,2,CLUSTER_SMALL,168,0.02
sensor_records,77,0,2,CLUSTER_SMALL,168,0.98
sensor_records,80,0,2,CLUSTER_SMALL,168,0.98
sensor_records,100,0,2,CLUSTER_SMALL,168,0.99
sensor_records,109,0,2,CLUSTER_SMALL,168,0.98
sensor_records,112,0,2,CLUSTER_SMALL,168,0.99
sensor_records,8,0,2,CLUSTER_SMALL,168,1.0
sensor_records,15,0,2,CLUSTER_SMALL,168,1.0
sensor_records,64,0,2,CLUSTER_SMALL,168,0.98
sensor_records,104,0,2,CLUSTER_SMALL,168,0.97
sensor_records,20,0,2,CLUSTER_SMALL,168,0.99
sensor_records,83,0,2,CLUSTER_SMALL,168,1.0
sensor_records,97,0,2,CLUSTER_SMALL,168,0.99
sensor_records,107,0,2,CLUSTER_SMALL,168,0.99
sensor_records,6,0,2,CLUSTER_SMALL,168,0.0
sensor_records,19,0,2,CLUSTER_SMALL,168,1.0
sensor_records,52,0,2,CLUSTER_SMALL,168,1.0
sensor_records,56,0,2,CLUSTER_SMALL,168,1.0
sensor_records,70,0,2,CLUSTER_SMALL,168,0.0
sensor_records,86,0,2,CLUSTER_SMALL,168,1.0
sensor_records,90,0,2,CLUSTER_SMALL,168,0.99
sensor_records,96,0,2,CLUSTER_SMALL,168,0.99
sensor_records,113,0,2,CLUSTER_SMALL,168,0.0
sensor_records,119,0,2,CLUSTER_SMALL,168,1.0
sensor_records,16,0,2,CLUSTER_SMALL,168,0.01
sensor_records,17,0,2,CLUSTER_SMALL,168,0.01
sensor_records,42,0,2,CLUSTER_SMALL,168,1.0
sensor_records,62,0,2,CLUSTER_SMALL,168,0.01
sensor_records,106,0,2,CLUSTER_SMALL,168,0.99
sensor_records,28,0,2,CLUSTER_SMALL,168,0.0
sensor_records,36,0,2,CLUSTER_SMALL,168,0.02
sensor_records,43,0,2,CLUSTER_SMALL,168,0.01
sensor_records,50,0,2,CLUSTER_SMALL,168,0.96
sensor_records,69,0,2,CLUSTER_SMALL,168,1.0
sensor_records,73,0,2,CLUSTER_SMALL,168,0.99
sensor_records,79,0,2,CLUSTER_SMALL,168,1.0
sensor_records,85,0,2,CLUSTER_SMALL,168,1.0
sensor_records,94,0,2,CLUSTER_SMALL,168,0.0
sensor_records,34,0,2,CLUSTER_SMALL,168,0.97
sensor_records,41,0,2,CLUSTER_SMALL,168,0.02
sensor_records,54,0,2,CLUSTER_SMALL,168,0.01
sensor_records,57,0,2,CLUSTER_SMALL,168,0.02
sensor_records,68,0,2,CLUSTER_SMALL,168,0.0
sensor_records,81,0,2,CLUSTER_SMALL,168,0.97
sensor_records,121,0,2,CLUSTER_SMALL,168,0.98
sensor_records,2,0,2,CLUSTER_SMALL,168,1.0
sensor_records,7,0,2,CLUSTER_SMALL,168,1.0
sensor_records,21,0,2,CLUSTER_SMALL,168,0.0
sensor_records,44,0,2,CLUSTER_SMALL,168,0.02
sensor_records,53,0,2,CLUSTER_SMALL,168,1.0
sensor_records,71,0,2,CLUSTER_SMALL,168,0.98
sensor_records,89,0,2,CLUSTER_SMALL,168,1.0
sensor_records,118,0,2,CLUSTER_SMALL,168,0.01
sensor_records,120,0,2,CLUSTER_SMALL,168,0.0
sensor_records,13,0,2,CLUSTER_SMALL,168,0.01
sensor_records,60,0,2,CLUSTER_SMALL,168,0.97
sensor_records,75,0,2,CLUSTER_SMALL,168,1.0
sensor_records,91,0,2,CLUSTER_SMALL,168,0.02
sensor_records,99,0,2,CLUSTER_SMALL,168,0.01
sensor_records,1,0,2,CLUSTER_SMALL,168,0.98
sensor_records,22,0,2,CLUSTER_SMALL,168,1.0
sensor_records,24,0,2,CLUSTER_SMALL,168,0.97
sensor_records,72,0,2,CLUSTER_SMALL,168,0.99
sensor_records,84,0,2,CLUSTER_SMALL,168,0.0
sensor_records,101,0,2,CLUSTER_SMALL,168,1.0
sensor_records,115,0,2,CLUSTER_SMALL,168,1.0
sensor_records,0,0,2,CLUSTER_SMALL,168,1.0
sensor_records,25,0,2,CLUSTER_SMALL,168,0.0
sensor_records,29,0,2,CLUSTER_SMALL,168,0.0
sensor_records,30,0,2,CLUSTER_SMALL,168,1.0
sensor_records,37,0,2,CLUSTER_SMALL,168,0.99
sensor_records,38,0,2,CLUSTER_SMALL,168,1.0
sensor_records,51,0,2,CLUSTER_SMALL,168,0.01
sensor_records,98,0,2,CLUSTER_SMALL,168,0.0
sensor_records,102,0,2,CLUSTER_SMALL,168,0.99
sensor_records,122,0,2,CLUSTER_SMALL,168,0.08
sensor_records,9,0,2,CLUSTER_SMALL,168,0.99
sensor_records,14,0,2,CLUSTER_SMALL,168,1.0
sensor_records,31,0,2,CLUSTER_SMALL,168,1.0
sensor_records,39,0,2,CLUSTER_SMALL,168,1.0
sensor_records,63,0,2,CLUSTER_SMALL,168,1.0
sensor_records,65,0,2,CLUSTER_SMALL,168,0.98
sensor_records,74,0,2,CLUSTER_SMALL,168,1.0
sensor_records,28,0,3,CLUSTER_MEDIUM,808,0.03
sensor_records,36,0,3,CLUSTER_MEDIUM,808,0.04
sensor_records,43,0,3,CLUSTER_MEDIUM,808,0.06
sensor_records,50,0,3,CLUSTER_MEDIUM,808,0.96
sensor_records,69,0,3,CLUSTER_MEDIUM,808,1.0
sensor_records,73,0,3,CLUSTER_MEDIUM,808,0.99
sensor_records,79,0,3,CLUSTER_MEDIUM,808,1.0
sensor_records,85,0,3,CLUSTER_MEDIUM,808,1.0
sensor_records,94,0,3,CLUSTER_MEDIUM,808,0.0
sensor_records,11,0,3,CLUSTER_MEDIUM,808,0.0
sensor_records,23,0,3,CLUSTER_MEDIUM,808,0.04
sensor_records,45,0,3,CLUSTER_MEDIUM,808,0.02
sensor_records,58,0,3,CLUSTER_MEDIUM,808,1.0
sensor_records,61,0,3,CLUSTER_MEDIUM,808,0.97
sensor_records,87,0,3,CLUSTER_MEDIUM,808,0.99
sensor_records,105,0,3,CLUSTER_MEDIUM,808,0.97
sensor_records,114,0,3,CLUSTER_MEDIUM,808,0.99
sensor_records,117,0,3,CLUSTER_MEDIUM,808,1.0
sensor_records,34,0,3,CLUSTER_MEDIUM,808,0.97
sensor_records,41,0,3,CLUSTER_MEDIUM,808,0.06
sensor_records,54,0,3,CLUSTER_MEDIUM,808,0.04
sensor_records,57,0,3,CLUSTER_MEDIUM,808,0.07
sensor_records,68,0,3,CLUSTER_MEDIUM,808,0.05
sensor_records,81,0,3,CLUSTER_MEDIUM,808,0.97
sensor_records,121,0,3,CLUSTER_MEDIUM,808,0.98
sensor_records,8,0,3,CLUSTER_MEDIUM,808,1.0
sensor_records,15,0,3,CLUSTER_MEDIUM,808,1.0
sensor_records,64,0,3,CLUSTER_MEDIUM,808,0.98
sensor_records,104,0,3,CLUSTER_MEDIUM,808,0.97
sensor_records,9,0,3,CLUSTER_MEDIUM,808,0.99
sensor_records,14,0,3,CLUSTER_MEDIUM,808,1.0
sensor_records,31,0,3,CLUSTER_MEDIUM,808,1.0
sensor_records,39,0,3,CLUSTER_MEDIUM,808,1.0
sensor_records,63,0,3,CLUSTER_MEDIUM,808,1.0
sensor_records,65,0,3,CLUSTER_MEDIUM,808,0.98
sensor_records,74,0,3,CLUSTER_MEDIUM,808,1.0
sensor_records,12,0,3,CLUSTER_MEDIUM,808,0.99
sensor_records,26,0,3,CLUSTER_MEDIUM,808,0.05
sensor_records,40,0,3,CLUSTER_MEDIUM,808,1.0
sensor_records,49,0,3,CLUSTER_MEDIUM,808,1.0
sensor_records,78,0,3,CLUSTER_MEDIUM,808,0.01
sensor_records,6,0,3,CLUSTER_MEDIUM,808,0.03
sensor_records,19,0,3,CLUSTER_MEDIUM,808,1.0
sensor_records,52,0,3,CLUSTER_MEDIUM,808,1.0
sensor_records,56,0,3,CLUSTER_MEDIUM,808,1.0
sensor_records,70,0,3,CLUSTER_MEDIUM,808,0.01
sensor_records,86,0,3,CLUSTER_MEDIUM,808,1.0
sensor_records,90,0,3,CLUSTER_MEDIUM,808,0.99
sensor_records,96,0,3,CLUSTER_MEDIUM,808,0.99
sensor_records,113,0,3,CLUSTER_MEDIUM,808,0.01
sensor_records,119,0,3,CLUSTER_MEDIUM,808,1.0
sensor_records,18,0,3,CLUSTER_MEDIUM,808,0.03
sensor_records,32,0,3,CLUSTER_MEDIUM,808,0.04
sensor_records,48,0,3,CLUSTER_MEDIUM,808,0.01
sensor_records,67,0,3,CLUSTER_MEDIUM,808,0.08
sensor_records,93,0,3,CLUSTER_MEDIUM,808,0.04
sensor_records,95,0,3,CLUSTER_MEDIUM,808,0.05
sensor_records,103,0,3,CLUSTER_MEDIUM,808,0.02
sensor_records,108,0,3,CLUSTER_MEDIUM,808,0.05
sensor_records,111,0,3,CLUSTER_MEDIUM,808,1.0
sensor_records,1,0,3,CLUSTER_MEDIUM,808,0.98
sensor_records,22,0,3,CLUSTER_MEDIUM,808,1.0
sensor_records,24,0,3,CLUSTER_MEDIUM,808,0.97
sensor_records,72,0,3,CLUSTER_MEDIUM,808,0.99
sensor_records,84,0,3,CLUSTER_MEDIUM,808,0.03
sensor_records,101,0,3,CLUSTER_MEDIUM,808,1.0
sensor_records,115,0,3,CLUSTER_MEDIUM,808,1.0
sensor_records,3,0,3,CLUSTER_MEDIUM,808,1.0
sensor_records,5,0,3,CLUSTER_MEDIUM,808,0.99
sensor_records,10,0,3,CLUSTER_MEDIUM,808,0.98
sensor_records,27,0,3,CLUSTER_MEDIUM,808,0.99
sensor_records,46,0,3,CLUSTER_MEDIUM,808,0.04
sensor_records,47,0,3,CLUSTER_MEDIUM,808,0.99
sensor_records,55,0,3,CLUSTER_MEDIUM,808,1.0
sensor_records,59,0,3,CLUSTER_MEDIUM,808,0.01
sensor_records,76,0,3,CLUSTER_MEDIUM,808,1.0
sensor_records,82,0,3,CLUSTER_MEDIUM,808,0.04
sensor_records,88,0,3,CLUSTER_MEDIUM,808,1.0
sensor_records,92,0,3,CLUSTER_MEDIUM,808,0.02
sensor_records,110,0,3,CLUSTER_MEDIUM,808,0.06
sensor_records,116,0,3,CLUSTER_MEDIUM,808,0.97
sensor_records,2,0,3,CLUSTER_MEDIUM,808,1.0
sensor_records,7,0,3,CLUSTER_MEDIUM,808,1.0
sensor_records,21,0,3,CLUSTER_MEDIUM,808,0.05
sensor_records,44,0,3,CLUSTER_MEDIUM,808,0.05
sensor_records,53,0,3,CLUSTER_MEDIUM,808,1.0
sensor_records,71,0,3,CLUSTER_MEDIUM,808,0.98
sensor_records,89,0,3,CLUSTER_MEDIUM,808,1.0
sensor_records,118,0,3,CLUSTER_MEDIUM,808,0.02
sensor_records,120,0,3,CLUSTER_MEDIUM,808,0.01
sensor_records,16,0,3,CLUSTER_MEDIUM,808,0.02
sensor_records,17,0,3,CLUSTER_MEDIUM,808,0.01
sensor_records,42,0,3,CLUSTER_MEDIUM,808,1.0
sensor_records,62,0,3,CLUSTER_MEDIUM,808,0.06
sensor_records,106,0,3,CLUSTER_MEDIUM,808,0.99
sensor_records,13,0,3,CLUSTER_MEDIUM,808,0.02
sensor_records,60,0,3,CLUSTER_MEDIUM,808,0.97
sensor_records,75,0,3,CLUSTER_MEDIUM,808,1.0
sensor_records,91,0,3,CLUSTER_MEDIUM,808,0.04
sensor_records,99,0,3,CLUSTER_MEDIUM,808,0.04
sensor_records,0,0,3,CLUSTER_MEDIUM,808,1.0
sensor_records,25,0,3,CLUSTER_MEDIUM,808,0.01
sensor_records,29,0,3,CLUSTER_MEDIUM,808,0.01
sensor_records,30,0,3,CLUSTER_MEDIUM,808,1.0
sensor_records,37,0,3,CLUSTER_MEDIUM,808,0.99
sensor_records,38,0,3,CLUSTER_MEDIUM,808,1.0
sensor_records,51,0,3,CLUSTER_MEDIUM,808,0.04
sensor_records,98,0,3,CLUSTER_MEDIUM,808,0.03
sensor_records,102,0,3,CLUSTER_MEDIUM,808,0.99
sensor_records,122,0,3,CLUSTER_MEDIUM,808,0.28
sensor_records,4,0,3,CLUSTER_MEDIUM,808,1.0
sensor_records,33,0,3,CLUSTER_MEDIUM,808,0.99
sensor_records,35,0,3,CLUSTER_MEDIUM,808,0.99
sensor_records,66,0,3,CLUSTER_MEDIUM,808,0.05
sensor_records,77,0,3,CLUSTER_MEDIUM,808,0.98
sensor_records,80,0,3,CLUSTER_MEDIUM,808,0.98
sensor_records,100,0,3,CLUSTER_MEDIUM,808,0.99
sensor_records,109,0,3,CLUSTER_MEDIUM,808,0.99
sensor_records,112,0,3,CLUSTER_MEDIUM,808,0.99
sensor_records,20,0,3,CLUSTER_MEDIUM,808,0.99
sensor_records,83,0,3,CLUSTER_MEDIUM,808,1.0
sensor_records,97,0,3,CLUSTER_MEDIUM,808,0.99
sensor_records,107,0,3,CLUSTER_MEDIUM,808,0.99
sensor_records,28,0,4,CLUSTER_LARGE,3208,0.1
sensor_records,36,0,4,CLUSTER_LARGE,3208,0.19
sensor_records,43,0,4,CLUSTER_LARGE,3208,0.16
sensor_records,50,0,4,CLUSTER_LARGE,3208,0.97
sensor_records,69,0,4,CLUSTER_LARGE,3208,1.0
sensor_records,73,0,4,CLUSTER_LARGE,3208,0.99
sensor_records,79,0,4,CLUSTER_LARGE,3208,1.0
sensor_records,85,0,4,CLUSTER_LARGE,3208,1.0
sensor_records,94,0,4,CLUSTER_LARGE,3208,0.05
sensor_records,18,0,4,CLUSTER_LARGE,3208,0.06
sensor_records,32,0,4,CLUSTER_LARGE,3208,0.09
sensor_records,48,0,4,CLUSTER_LARGE,3208,0.04
sensor_records,67,0,4,CLUSTER_LARGE,3208,0.16
sensor_records,93,0,4,CLUSTER_LARGE,3208,0.11
sensor_records,95,0,4,CLUSTER_LARGE,3208,0.15
sensor_records,103,0,4,CLUSTER_LARGE,3208,0.07
sensor_records,108,0,4,CLUSTER_LARGE,3208,0.13
sensor_records,111,0,4,CLUSTER_LARGE,3208,1.0
sensor_records,9,0,4,CLUSTER_LARGE,3208,0.99
sensor_records,14,0,4,CLUSTER_LARGE,3208,1.0
sensor_records,31,0,4,CLUSTER_LARGE,3208,1.0
sensor_records,39,0,4,CLUSTER_LARGE,3208,1.0
sensor_records,63,0,4,CLUSTER_LARGE,3208,1.0
sensor_records,65,0,4,CLUSTER_LARGE,3208,0.98
sensor_records,74,0,4,CLUSTER_LARGE,3208,1.0
sensor_records,34,0,4,CLUSTER_LARGE,3208,0.97
sensor_records,41,0,4,CLUSTER_LARGE,3208,0.12
sensor_records,54,0,4,CLUSTER_LARGE,3208,0.09
sensor_records,57,0,4,CLUSTER_LARGE,3208,0.16
sensor_records,68,0,4,CLUSTER_LARGE,3208,0.11
sensor_records,81,0,4,CLUSTER_LARGE,3208,0.97
sensor_records,121,0,4,CLUSTER_LARGE,3208,0.98
sensor_records,2,0,4,CLUSTER_LARGE,3208,1.0
sensor_records,7,0,4,CLUSTER_LARGE,3208,1.0
sensor_records,21,0,4,CLUSTER_LARGE,3208,0.14
sensor_records,44,0,4,CLUSTER_LARGE,3208,0.11
sensor_records,53,0,4,CLUSTER_LARGE,3208,1.0
sensor_records,71,0,4,CLUSTER_LARGE,3208,0.98
sensor_records,89,0,4,CLUSTER_LARGE,3208,1.0
sensor_records,118,0,4,CLUSTER_LARGE,3208,0.09
sensor_records,120,0,4,CLUSTER_LARGE,3208,0.06
sensor_records,0,0,4,CLUSTER_LARGE,3208,1.0
sensor_records,25,0,4,CLUSTER_LARGE,3208,0.06
sensor_records,29,0,4,CLUSTER_LARGE,3208,0.05
sensor_records,30,0,4,CLUSTER_LARGE,3208,1.0
sensor_records,37,0,4,CLUSTER_LARGE,3208,0.99
sensor_records,38,0,4,CLUSTER_LARGE,3208,1.0
sensor_records,51,0,4,CLUSTER_LARGE,3208,0.12
sensor_records,98,0,4,CLUSTER_LARGE,3208,0.11
sensor_records,102,0,4,CLUSTER_LARGE,3208,0.99
sensor_records,122,0,4,CLUSTER_LARGE,3208,0.66
sensor_records,20,0,4,CLUSTER_LARGE,3208,0.99
sensor_records,83,0,4,CLUSTER_LARGE,3208,1.0
sensor_records,97,0,4,CLUSTER_LARGE,3208,0.99
sensor_records,107,0,4,CLUSTER_LARGE,3208,0.99
sensor_records,16,0,4,CLUSTER_LARGE,3208,0.12
sensor_records,17,0,4,CLUSTER_LARGE,3208,0.06
sensor_records,42,0,4,CLUSTER_LARGE,3208,1.0
sensor_records,62,0,4,CLUSTER_LARGE,3208,0.18
sensor_records,106,0,4,CLUSTER_LARGE,3208,0.99
sensor_records,12,0,4,CLUSTER_LARGE,3208,0.99
sensor_records,26,0,4,CLUSTER_LARGE,3208,0.06
sensor_records,40,0,4,CLUSTER_LARGE,3208,1.0
sensor_records,49,0,4,CLUSTER_LARGE,3208,1.0
sensor_records,78,0,4,CLUSTER_LARGE,3208,0.05
sensor_records,8,0,4,CLUSTER_LARGE,3208,1.0
sensor_records,15,0,4,CLUSTER_LARGE,3208,1.0
sensor_records,64,0,4,CLUSTER_LARGE,3208,0.98
sensor_records,104,0,4,CLUSTER_LARGE,3208,0.97
sensor_records,6,0,4,CLUSTER_LARGE,3208,0.1
sensor_records,19,0,4,CLUSTER_LARGE,3208,1.0
sensor_records,52,0,4,CLUSTER_LARGE,3208,1.0
sensor_records,56,0,4,CLUSTER_LARGE,3208,1.0
sensor_records,70,0,4,CLUSTER_LARGE,3208,0.11
sensor_records,86,0,4,CLUSTER_LARGE,3208,1.0
sensor_records,90,0,4,CLUSTER_LARGE,3208,0.99
sensor_records,96,0,4,CLUSTER_LARGE,3208,0.99
sensor_records,113,0,4,CLUSTER_LARGE,3208,0.08
sensor_records,119,0,4,CLUSTER_LARGE,3208,1.0
sensor_records,13,0,4,CLUSTER_LARGE,3208,0.12
sensor_records,60,0,4,CLUSTER_LARGE,3208,0.97
sensor_records,75,0,4,CLUSTER_LARGE,3208,1.0
sensor_records,91,0,4,CLUSTER_LARGE,3208,0.08
sensor_records,99,0,4,CLUSTER_LARGE,3208,0.09
sensor_records,4,0,4,CLUSTER_LARGE,3208,1.0
sensor_records,33,0,4,CLUSTER_LARGE,3208,0.99
sensor_records,35,0,4,CLUSTER_LARGE,3208,1.0
sensor_records,66,0,4,CLUSTER_LARGE,3208,0.16
sensor_records,77,0,4,CLUSTER_LARGE,3208,0.98
sensor_records,80,0,4,CLUSTER_LARGE,3208,0.98
sensor_records,100,0,4,CLUSTER_LARGE,3208,0.99
sensor_records,109,0,4,CLUSTER_LARGE,3208,0.99
sensor_records,112,0,4,CLUSTER_LARGE,3208,0.99
sensor_records,11,0,4,CLUSTER_LARGE,3208,0.06
sensor_records,23,0,4,CLUSTER_LARGE,3208,0.13
sensor_records,45,0,4,CLUSTER_LARGE,3208,0.09
sensor_records,58,0,4,CLUSTER_LARGE,3208,1.0
sensor_records,61,0,4,CLUSTER_LARGE,3208,0.98
sensor_records,87,0,4,CLUSTER_LARGE,3208,0.99
sensor_records,105,0,4,CLUSTER_LARGE,3208,0.97
sensor_records,114,0,4,CLUSTER_LARGE,3208,0.99
sensor_records,117,0,4,CLUSTER_LARGE,3208,1.0
sensor_records,3,0,4,CLUSTER_LARGE,3208,1.0
sensor_records,5,0,4,CLUSTER_LARGE,3208,0.99
sensor_records,10,0,4,CLUSTER_LARGE,3208,0.98
sensor_records,27,0,4,CLUSTER_LARGE,3208,0.99
sensor_records,46,0,4,CLUSTER_LARGE,3208,0.12
sensor_records,47,0,4,CLUSTER_LARGE,3208,0.99
sensor_records,55,0,4,CLUSTER_LARGE,3208,1.0
sensor_records,59,0,4,CLUSTER_LARGE,3208,0.08
sensor_records,76,0,4,CLUSTER_LARGE,3208,1.0
sensor_records,82,0,4,CLUSTER_LARGE,3208,0.12
sensor_records,88,0,4,CLUSTER_LARGE,3208,1.0
sensor_records,92,0,4,CLUSTER_LARGE,3208,0.09
sensor_records,110,0,4,CLUSTER_LARGE,3208,0.16
sensor_records,116,0,4,CLUSTER_LARGE,3208,0.98
sensor_records,1,0,4,CLUSTER_LARGE,3208,0.99
sensor_records,22,0,4,CLUSTER_LARGE,3208,1.0
sensor_records,24,0,4,CLUSTER_LARGE,3208,0.97
sensor_records,72,0,4,CLUSTER_LARGE,3208,0.99
sensor_records,84,0,4,CLUSTER_LARGE,3208,0.08
sensor_records,101,0,4,CLUSTER_LARGE,3208,1.0
sensor_records,115,0,4,CLUSTER_LARGE,3208,1.0
sensor_records,11,0,5,BLOOM_SMALL,168,0.0
sensor_records,23,0,5,BLOOM_SMALL,168,0.0
sensor_records,45,0,5,BLOOM_SMALL,168,0.01
sensor_records,58,0,5,BLOOM_SMALL,168,0.01
sensor_records,61,0,5,BLOOM_SMALL,168,0.0
sensor_records,87,0,5,BLOOM_SMALL,168,0.0
sensor_records,105,0,5,BLOOM_SMALL,168,0.01
sensor_records,114,0,5,BLOOM_SMALL,168,0.0
sensor_records,117,0,5,BLOOM_SMALL,168,0.0
sensor_records,28,0,5,BLOOM_SMALL,168,0.01
sensor_records,36,0,5,BLOOM_SMALL,168,0.0
sensor_records,43,0,5,BLOOM_SMALL,168,0.0
sensor_records,50,0,5,BLOOM_SMALL,168,0.0
sensor_records,69,0,5,BLOOM_SMALL,168,0.0
sensor_records,73,0,5,BLOOM_SMALL,168,0.0
sensor_records,79,0,5,BLOOM_SMALL,168,0.0
sensor_records,85,0,5,BLOOM_SMALL,168,0.0
sensor_records,94,0,5,BLOOM_SMALL,168,0.0
sensor_records,3,0,5,BLOOM_SMALL,168,0.0
sensor_records,5,0,5,BLOOM_SMALL,168,0.02
sensor_records,10,0,5,BLOOM_SMALL,168,0.01
sensor_records,27,0,5,BLOOM_SMALL,168,0.0
sensor_records,46,0,5,BLOOM_SMALL,168,0.01
sensor_records,47,0,5,BLOOM_SMALL,168,0.0
sensor_records,55,0,5,BLOOM_SMALL,168,0.0
sensor_records,59,0,5,BLOOM_SMALL,168,0.0
sensor_records,76,0,5,BLOOM_SMALL,168,0.0
sensor_records,82,0,5,BLOOM_SMALL,168,0.0
sensor_records,88,0,5,BLOOM_SMALL,168,0.0
sensor_records,92,0,5,BLOOM_SMALL,168,0.0
sensor_records,110,0,5,BLOOM_SMALL,168,0.0
sensor_records,116,0,5,BLOOM_SMALL,168,0.0
sensor_records,2,0,5,BLOOM_SMALL,168,0.0
sensor_records,7,0,5,BLOOM_SMALL,168,0.0
sensor_records,21,0,5,BLOOM_SMALL,168,0.0
sensor_records,44,0,5,BLOOM_SMALL,168,0.0
sensor_records,53,0,5,BLOOM_SMALL,168,0.01
sensor_records,71,0,5,BLOOM_SMALL,168,0.0
sensor_records,89,0,5,BLOOM_SMALL,168,0.0
sensor_records,118,0,5,BLOOM_SMALL,168,0.0
sensor_records,120,0,5,BLOOM_SMALL,168,0.0
sensor_records,16,0,5,BLOOM_SMALL,168,0.0
sensor_records,17,0,5,BLOOM_SMALL,168,0.0
sensor_records,42,0,5,BLOOM_SMALL,168,0.01
sensor_records,62,0,5,BLOOM_SMALL,168,0.0
sensor_records,106,0,5,BLOOM_SMALL,168,0.0
sensor_records,12,0,5,BLOOM_SMALL,168,0.0
sensor_records,26,0,5,BLOOM_SMALL,168,0.0
sensor_records,40,0,5,BLOOM_SMALL,168,0.0
sensor_records,49,0,5,BLOOM_SMALL,168,0.0
sensor_records,78,0,5,BLOOM_SMALL,168,0.0
sensor_records,34,0,5,BLOOM_SMALL,168,0.0
sensor_records,41,0,5,BLOOM_SMALL,168,0.0
sensor_records,54,0,5,BLOOM_SMALL,168,0.0
sensor_records,57,0,5,BLOOM_SMALL,168,0.0
sensor_records,68,0,5,BLOOM_SMALL,168,0.0
sensor_records,81,0,5,BLOOM_SMALL,168,0.0
sensor_records,121,0,5,BLOOM_SMALL,168,0.0
sensor_records,4,0,5,BLOOM_SMALL,168,0.0
sensor_records,33,0,5,BLOOM_SMALL,168,0.0
sensor_records,35,0,5,BLOOM_SMALL,168,0.01
sensor_records,66,0,5,BLOOM_SMALL,168,0.0
sensor_records,77,0,5,BLOOM_SMALL,168,0.0
sensor_records,80,0,5,BLOOM_SMALL,168,0.0
sensor_records,100,0,5,BLOOM_SMALL,168,0.0
sensor_records,109,0,5,BLOOM_SMALL,168,0.0
sensor_records,112,0,5,BLOOM_SMALL,168,0.0
sensor_records,8,0,5,BLOOM_SMALL,168,0.0
sensor_records,15,0,5,BLOOM_SMALL,168,0.0
sensor_records,64,0,5,BLOOM_SMALL,168,0.0
sensor_records,104,0,5,BLOOM_SMALL,168,0.0
sensor_records,18,0,5,BLOOM_SMALL,168,0.0
sensor_records,32,0,5,BLOOM_SMALL,168,0.0
sensor_records,48,0,5,BLOOM_SMALL,168,0.0
sensor_records,67,0,5,BLOOM_SMALL,168,0.02
sensor_records,93,0,5,BLOOM_SMALL,168,0.0
sensor_records,95,0,5,BLOOM_SMALL,168,0.0
sensor_records,103,0,5,BLOOM_SMALL,168,0.0
sensor_records,108,0,5,BLOOM_SMALL,168,0.01
sensor_records,111,0,5,BLOOM_SMALL,168,0.01
sensor_records,0,0,5,BLOOM_SMALL,168,0.0
sensor_records,25,0,5,BLOOM_SMALL,168,0.0
sensor_records,29,0,5,BLOOM_SMALL,168,0.0
sensor_records,30,0,5,BLOOM_SMALL,168,0.0
sensor_records,37,0,5,BLOOM_SMALL,168,0.0
sensor_records,38,0,5,BLOOM_SMALL,168,0.0
sensor_records,51,0,5,BLOOM_SMALL,168,0.0
sensor_records,98,0,5,BLOOM_SMALL,168,0.0
sensor_records,102,0,5,BLOOM_SMALL,168,0.0
sensor_records,122,0,5,BLOOM_SMALL,168,0.68
sensor_records,9,0,5,BLOOM_SMALL,168,0.0
sensor_records,14,0,5,BLOOM_SMALL,168,0.0
sensor_records,31,0,5,BLOOM_SMALL,168,0.0
sensor_records,39,0,5,BLOOM_SMALL,168,0.0
sensor_records,63,0,5,BLOOM_SMALL,168,0.0
sensor_records,65,0,5,BLOOM_SMALL,168,0.0
sensor_records,74,0,5,BLOOM_SMALL,168,0.0
sensor_records,6,0,5,BLOOM_SMALL,168,0.0
sensor_records,19,0,5,BLOOM_SMALL,168,0.0
sensor_records,52,0,5,BLOOM_SMALL,168,0.01
sensor_records,56,0,5,BLOOM_SMALL,168,0.0
sensor_records,70,0,5,BLOOM_SMALL,168,0.0
sensor_records,86,0,5,BLOOM_SMALL,168,0.0
sensor_records,90,0,5,BLOOM_SMALL,168,0.01
sensor_records,96,0,5,BLOOM_SMALL,168,0.0
sensor_records,113,0,5,BLOOM_SMALL,168,0.0
sensor_records,119,0,5,BLOOM_SMALL,168,0.01
sensor_records,1,0,5,BLOOM_SMALL,168,0.0
sensor_records,22,0,5,BLOOM_SMALL,168,0.0
sensor_records,24,0,5,BLOOM_SMALL,168,0.0
sensor_records,72,0,5,BLOOM_SMALL,168,0.0
sensor_records,84,0,5,BLOOM_SMALL,168,0.01
sensor_records,101,0,5,BLOOM_SMALL,168,0.0
sensor_records,115,0,5,BLOOM_SMALL,168,0.0
sensor_records,13,0,5,BLOOM_SMALL,168,0.0
sensor_records,60,0,5,BLOOM_SMALL,168,0.0
sensor_records,75,0,5,BLOOM_SMALL,168,0.01
sensor_records,91,0,5,BLOOM_SMALL,168,0.0
sensor_records,99,0,5,BLOOM_SMALL,168,0.0
sensor_records,20,0,5,BLOOM_SMALL,168,0.0
sensor_records,83,0,5,BLOOM_SMALL,168,0.0
sensor_records,97,0,5,BLOOM_SMALL,168,0.0
sensor_records,107,0,5,BLOOM_SMALL,168,0.0
sensor_records,11,0,6,BLOOM_MEDIUM,808,0.19
sensor_records,23,0,6,BLOOM_MEDIUM,808,0.25
sensor_records,45,0,6,BLOOM_MEDIUM,808,0.36
sensor_records,58,0,6,BLOOM_MEDIUM,808,0.24
sensor_records,61,0,6,BLOOM_MEDIUM,808,0.26
sensor_records,87,0,6,BLOOM_MEDIUM,808,0.32
sensor_records,105,0,6,BLOOM_MEDIUM,808,0.31
sensor_records,114,0,6,BLOOM_MEDIUM,808,0.28
sensor_records,117,0,6,BLOOM_MEDIUM,808,0.33
sensor_records,2,0,6,BLOOM_MEDIUM,808,0.24
sensor_records,7,0,6,BLOOM_MEDIUM,808,0.32
sensor_records,21,0,6,BLOOM_MEDIUM,808,0.3
sensor_records,44,0,6,BLOOM_MEDIUM,808,0.3
sensor_records,53,0,6,BLOOM_MEDIUM,808,0.25
sensor_records,71,0,6,BLOOM_MEDIUM,808,0.29
sensor_records,89,0,6,BLOOM_MEDIUM,808,0.28
sensor_records,118,0,6,BLOOM_MEDIUM,808,0.26
sensor_records,120,0,6,BLOOM_MEDIUM,808,0.28
sensor_records,6,0,6,BLOOM_MEDIUM,808,0.25
sensor_records,19,0,6,BLOOM_MEDIUM,808,0.32
sensor_records,52,0,6,BLOOM_MEDIUM,808,0.33
sensor_records,56,0,6,BLOOM_MEDIUM,808,0.3
sensor_records,70,0,6,BLOOM_MEDIUM,808,0.26
sensor_records,86,0,6,BLOOM_MEDIUM,808,0.32
sensor_records,90,0,6,BLOOM_MEDIUM,808,0.25
sensor_records,96,0,6,BLOOM_MEDIUM,808,0.33
sensor_records,113,0,6,BLOOM_MEDIUM,808,0.22
sensor_records,119,0,6,BLOOM_MEDIUM,808,0.34
sensor_records,28,0,6,BLOOM_MEDIUM,808,0.32
sensor_records,36,0,6,BLOOM_MEDIUM,808,0.34
sensor_records,43,0,6,BLOOM_MEDIUM,808,0.26
sensor_records,50,0,6,BLOOM_MEDIUM,808,0.22
sensor_records,69,0,6,BLOOM_MEDIUM,808,0.29
sensor_records,73,0,6,BLOOM_MEDIUM,808,0.29
sensor_records,79,0,6,BLOOM_MEDIUM,808,0.33
sensor_records,85,0,6,BLOOM_MEDIUM,808,0.34
sensor_records,94,0,6,BLOOM_MEDIUM,808,0.27
sensor_records,1,0,6,BLOOM_MEDIUM,808,0.29
sensor_records,22,0,6,BLOOM_MEDIUM,808,0.24
sensor_records,24,0,6,BLOOM_MEDIUM,808,0.31
sensor_records,72,0,6,BLOOM_MEDIUM,808,0.24
sensor_records,84,0,6,BLOOM_MEDIUM,808,0.27
sensor_records,101,0,6,BLOOM_MEDIUM,808,0.25
sensor_records,115,0,6,BLOOM_MEDIUM,808,0.38
sensor_records,3,0,6,BLOOM_MEDIUM,808,0.35
sensor_records,5,0,6,BLOOM_MEDIUM,808,0.28
sensor_records,10,0,6,BLOOM_MEDIUM,808,0.27
sensor_records,27,0,6,BLOOM_MEDIUM,808,0.25
sensor_records,46,0,6,BLOOM_MEDIUM,808,0.26
sensor_records,47,0,6,BLOOM_MEDIUM,808,0.3
sensor_records,55,0,6,BLOOM_MEDIUM,808,0.32
sensor_records,59,0,6,BLOOM_MEDIUM,808,0.38
sensor_records,76,0,6,BLOOM_MEDIUM,808,0.19
sensor_records,82,0,6,BLOOM_MEDIUM,808,0.26
sensor_records,88,0,6,BLOOM_MEDIUM,808,0.19
sensor_records,92,0,6,BLOOM_MEDIUM,808,0.26
sensor_records,110,0,6,BLOOM_MEDIUM,808,0.25
sensor_records,116,0,6,BLOOM_MEDIUM,808,0.26
sensor_records,16,0,6,BLOOM_MEDIUM,808,0.22
sensor_records,17,0,6,BLOOM_MEDIUM,808,0.31
sensor_records,42,0,6,BLOOM_MEDIUM,808,0.24
sensor_records,62,0,6,BLOOM_MEDIUM,808,0.18
sensor_records,106,0,6,BLOOM_MEDIUM,808,0.27
sensor_records,13,0,6,BLOOM_MEDIUM,808,0.27
sensor_records,60,0,6,BLOOM_MEDIUM,808,0.26
sensor_records,75,0,6,BLOOM_MEDIUM,808,0.24
sensor_records,91,0,6,BLOOM_MEDIUM,808,0.27
sensor_records,99,0,6,BLOOM_MEDIUM,808,0.33
sensor_records,34,0,6,BLOOM_MEDIUM,808,0.28
sensor_records,41,0,6,BLOOM_MEDIUM,808,0.32
sensor_records,54,0,6,BLOOM_MEDIUM,808,0.28
sensor_records,57,0,6,BLOOM_MEDIUM,808,0.31
sensor_records,68,0,6,BLOOM_MEDIUM,808,0.28
sensor_records,81,0,6,BLOOM_MEDIUM,808,0.36
sensor_records,121,0,6,BLOOM_MEDIUM,808,0.32
sensor_records,4,0,6,BLOOM_MEDIUM,808,0.33
sensor_records,33,0,6,BLOOM_MEDIUM,808,0.27
sensor_records,35,0,6,BLOOM_MEDIUM,808,0.23
sensor_records,66,0,6,BLOOM_MEDIUM,808,0.2
sensor_records,77,0,6,BLOOM_MEDIUM,808,0.34
sensor_records,80,0,6,BLOOM_MEDIUM,808,0.27
sensor_records,100,0,6,BLOOM_MEDIUM,808,0.26
sensor_records,109,0,6,BLOOM_MEDIUM,808,0.26
sensor_records,112,0,6,BLOOM_MEDIUM,808,0.26
sensor_records,9,0,6,BLOOM_MEDIUM,808,0.19
sensor_records,14,0,6,BLOOM_MEDIUM,808,0.25
sensor_records,31,0,6,BLOOM_MEDIUM,808,0.26
sensor_records,39,0,6,BLOOM_MEDIUM,808,0.21
sensor_records,63,0,6,BLOOM_MEDIUM,808,0.33
sensor_records,65,0,6,BLOOM_MEDIUM,808,0.28
sensor_records,74,0,6,BLOOM_MEDIUM,808,0.19
sensor_records,8,0,6,BLOOM_MEDIUM,808,0.29
sensor_records,15,0,6,BLOOM_MEDIUM,808,0.24
sensor_records,64,0,6,BLOOM_MEDIUM,808,0.33
sensor_records,104,0,6,BLOOM_MEDIUM,808,0.27
sensor_records,0,0,6,BLOOM_MEDIUM,808,0.27
sensor_records,25,0,6,BLOOM_MEDIUM,808,0.27
sensor_records,29,0,6,BLOOM_MEDIUM,808,0.21
sensor_records,30,0,6,BLOOM_MEDIUM,808,0.15
sensor_records,37,0,6,BLOOM_MEDIUM,808,0.29
sensor_records,38,0,6,BLOOM_MEDIUM,808,0.23
sensor_records,51,0,6,BLOOM_MEDIUM,808,0.34
sensor_records,98,0,6,BLOOM_MEDIUM,808,0.33
sensor_records,102,0,6,BLOOM_MEDIUM,808,0.34
sensor_records,122,0,6,BLOOM_MEDIUM,808,0.99
sensor_records,12,0,6,BLOOM_MEDIUM,808,0.31
sensor_records,26,0,6,BLOOM_MEDIUM,808,0.28
sensor_records,40,0,6,BLOOM_MEDIUM,808,0.33
sensor_records,49,0,6,BLOOM_MEDIUM,808,0.3
sensor_records,78,0,6,BLOOM_MEDIUM,808,0.29
sensor_records,18,0,6,BLOOM_MEDIUM,808,0.27
sensor_records,32,0,6,BLOOM_MEDIUM,808,0.26
sensor_records,48,0,6,BLOOM_MEDIUM,808,0.31
sensor_records,67,0,6,BLOOM_MEDIUM,808,0.31
sensor_records,93,0,6,BLOOM_MEDIUM,808,0.31
sensor_records,95,0,6,BLOOM_MEDIUM,808,0.3
sensor_records,103,0,6,BLOOM_MEDIUM,808,0.37
sensor_records,108,0,6,BLOOM_MEDIUM,808,0.25
sensor_records,111,0,6,BLOOM_MEDIUM,808,0.37
sensor_records,20,0,6,BLOOM_MEDIUM,808,0.31
sensor_records,83,0,6,BLOOM_MEDIUM,808,0.25
sensor_records,97,0,6,BLOOM_MEDIUM,808,0.32
sensor_records,107,0,6,BLOOM_MEDIUM,808,0.25
sensor_records,1,0,7,BLOOM_LARGE,3208,0.79
sensor_records,22,0,7,BLOOM_LARGE,3208,0.8
sensor_records,24,0,7,BLOOM_LARGE,3208,0.81
sensor_records,72,0,7,BLOOM_LARGE,3208,0.82
sensor_records,84,0,7,BLOOM_LARGE,3208,0.76
sensor_records,101,0,7,BLOOM_LARGE,3208,0.78
sensor_records,115,0,7,BLOOM_LARGE,3208,0.79
sensor_records,20,0,7,BLOOM_LARGE,3208,0.79
sensor_records,83,0,7,BLOOM_LARGE,3208,0.68
sensor_records,97,0,7,BLOOM_LARGE,3208,0.81
sensor_records,107,0,7,BLOOM_LARGE,3208,0.79
sensor_records,6,0,7,BLOOM_LARGE,3208,0.78
sensor_records,19,0,7,BLOOM_LARGE,3208,0.83
sensor_records,52,0,7,BLOOM_LARGE,3208,0.77
sensor_records,56,0,7,BLOOM_LARGE,3208,0.73
sensor_records,70,0,7,BLOOM_LARGE,3208,0.83
sensor_records,86,0,7,BLOOM_LARGE,3208,0.71
sensor_records,90,0,7,BLOOM_LARGE,3208,0.8
sensor_records,96,0,7,BLOOM_LARGE,3208,0.78
sensor_records,113,0,7,BLOOM_LARGE,3208,0.8
sensor_records,119,0,7,BLOOM_LARGE,3208,0.83
sensor_records,18,0,7,BLOOM_LARGE,3208,0.76
sensor_records,32,0,7,BLOOM_LARGE,3208,0.82
sensor_records,48,0,7,BLOOM_LARGE,3208,0.81
sensor_records,67,0,7,BLOOM_LARGE,3208,0.77
sensor_records,93,0,7,BLOOM_LARGE,3208,0.78
sensor_records,95,0,7,BLOOM_LARGE,3208,0.84
sensor_records,103,0,7,BLOOM_LARGE,3208,0.79
sensor_records,108,0,7,BLOOM_LARGE,3208,0.83
sensor_records,111,0,7,BLOOM_LARGE,3208,0.75
sensor_records,28,0,7,BLOOM_LARGE,3208,0.82
sensor_records,36,0,7,BLOOM_LARGE,3208,0.79
sensor_records,43,0,7,BLOOM_LARGE,3208,0.78
sensor_records,50,0,7,BLOOM_LARGE,3208,0.79
sensor_records,69,0,7,BLOOM_LARGE,3208,0.75
sensor_records,73,0,7,BLOOM_LARGE,3208,0.72
sensor_records,79,0,7,BLOOM_LARGE,3208,0.8
sensor_records,85,0,7,BLOOM_LARGE,3208,0.75
sensor_records,94,0,7,BLOOM_LARGE,3208,0.79
sensor_records,3,0,7,BLOOM_LARGE,3208,0.85
sensor_records,5,0,7,BLOOM_LARGE,3208,0.75
sensor_records,10,0,7,BLOOM_LARGE,3208,0.84
sensor_records,27,0,7,BLOOM_LARGE,3208,0.73
sensor_records,46,0,7,BLOOM_LARGE,3208,0.74
sensor_records,47,0,7,BLOOM_LARGE,3208,0.74
sensor_records,55,0,7,BLOOM_LARGE,3208,0.76
sensor_records,59,0,7,BLOOM_LARGE,3208,0.81
sensor_records,76,0,7,BLOOM_LARGE,3208,0.8
sensor_records,82,0,7,BLOOM_LARGE,3208,0.77
sensor_records,88,0,7,BLOOM_LARGE,3208,0.73
sensor_records,92,0,7,BLOOM_LARGE,3208,0.74
sensor_records,110,0,7,BLOOM_LARGE,3208,0.78
sensor_records,116,0,7,BLOOM_LARGE,3208,0.79
sensor_records,2,0,7,BLOOM_LARGE,3208,0.69
sensor_records,7,0,7,BLOOM_LARGE,3208,0.74
sensor_records,21,0,7,BLOOM_LARGE,3208,0.72
sensor_records,44,0,7,BLOOM_LARGE,3208,0.78
sensor_records,53,0,7,BLOOM_LARGE,3208,0.78
sensor_records,71,0,7,BLOOM_LARGE,3208,0.78
sensor_records,89,0,7,BLOOM_LARGE,3208,0.8
sensor_records,118,0,7,BLOOM_LARGE,3208,0.82
sensor_records,120,0,7,BLOOM_LARGE,3208,0.8
sensor_records,12,0,7,BLOOM_LARGE,3208,0.82
sensor_records,26,0,7,BLOOM_LARGE,3208,0.74
sensor_records,40,0,7,BLOOM_LARGE,3208,0.77
sensor_records,49,0,7,BLOOM_LARGE,3208,0.8
sensor_records,78,0,7,BLOOM_LARGE,3208,0.76
sensor_records,8,0,7,BLOOM_LARGE,3208,0.85
sensor_records,15,0,7,BLOOM_LARGE,3208,0.79
sensor_records,64,0,7,BLOOM_LARGE,3208,0.79
sensor_records,104,0,7,BLOOM_LARGE,3208,0.83
sensor_records,0,0,7,BLOOM_LARGE,3208,0.79
sensor_records,25,0,7,BLOOM_LARGE,3208,0.82
sensor_records,29,0,7,BLOOM_LARGE,3208,0.75
sensor_records,30,0,7,BLOOM_LARGE,3208,0.82
sensor_records,37,0,7,BLOOM_LARGE,3208,0.79
sensor_records,38,0,7,BLOOM_LARGE,3208,0.78
sensor_records,51,0,7,BLOOM_LARGE,3208,0.81
sensor_records,98,0,7,BLOOM_LARGE,3208,0.75
sensor_records,102,0,7,BLOOM_LARGE,3208,0.84
sensor_records,122,0,7,BLOOM_LARGE,3208,1.0
sensor_records,11,0,7,BLOOM_LARGE,3208,0.77
sensor_records,23,0,7,BLOOM_LARGE,3208,0.77
sensor_records,45,0,7,BLOOM_LARGE,3208,0.81
sensor_records,58,0,7,BLOOM_LARGE,3208,0.82
sensor_records,61,0,7,BLOOM_LARGE,3208,0.82
sensor_records,87,0,7,BLOOM_LARGE,3208,0.78
sensor_records,105,0,7,BLOOM_LARGE,3208,0.79
sensor_records,114,0,7,BLOOM_LARGE,3208,0.82
sensor_records,117,0,7,BLOOM_LARGE,3208,0.78
sensor_records,34,0,7,BLOOM_LARGE,3208,0.73
sensor_records,41,0,7,BLOOM_LARGE,3208,0.77
sensor_records,54,0,7,BLOOM_LARGE,3208,0.73
sensor_records,57,0,7,BLOOM_LARGE,3208,0.82
sensor_records,68,0,7,BLOOM_LARGE,3208,0.7
sensor_records,81,0,7,BLOOM_LARGE,3208,0.84
sensor_records,121,0,7,BLOOM_LARGE,3208,0.71
sensor_records,16,0,7,BLOOM_LARGE,3208,0.81
sensor_records,17,0,7,BLOOM_LARGE,3208,0.79
sensor_records,42,0,7,BLOOM_LARGE,3208,0.76
sensor_records,62,0,7,BLOOM_LARGE,3208,0.79
sensor_records,106,0,7,BLOOM_LARGE,3208,0.86
sensor_records,9,0,7,BLOOM_LARGE,3208,0.75
sensor_records,14,0,7,BLOOM_LARGE,3208,0.78
sensor_records,31,0,7,BLOOM_LARGE,3208,0.78
sensor_records,39,0,7,BLOOM_LARGE,3208,0.76
sensor_records,63,0,7,BLOOM_LARGE,3208,0.83
sensor_records,65,0,7,BLOOM_LARGE,3208,0.76
sensor_records,74,0,7,BLOOM_LARGE,3208,0.7
sensor_records,13,0,7,BLOOM_LARGE,3208,0.8
sensor_records,60,0,7,BLOOM_LARGE,3208,0.72
sensor_records,75,0,7,BLOOM_LARGE,3208,0.76
sensor_records,91,0,7,BLOOM_LARGE,3208,0.79
sensor_records,99,0,7,BLOOM_LARGE,3208,0.77
sensor_records,4,0,7,BLOOM_LARGE,3208,0.79
sensor_records,33,0,7,BLOOM_LARGE,3208,0.84
sensor_records,35,0,7,BLOOM_LARGE,3208,0.73
sensor_records,66,0,7,BLOOM_LARGE,3208,0.74
sensor_records,77,0,7,BLOOM_LARGE,3208,0.74
sensor_records,80,0,7,BLOOM_LARGE,3208,0.84
sensor_records,100,0,7,BLOOM_LARGE,3208,0.74
sensor_records,109,0,7,BLOOM_LARGE,3208,0.77
sensor_records,112,0,7,BLOOM_LARGE,3208,0.81
sensor_records,18,0,8,DICTIONARY,80,0.0
sensor_records,32,0,8,DICTIONARY,80,0.0
sensor_records,48,0,8,DICTIONARY,80,0.0
sensor_records,67,0,8,DICTIONARY,80,0.0
sensor_records,93,0,8,DICTIONARY,80,0.0
sensor_records,95,0,8,DICTIONARY,80,0.0
sensor_records,103,0,8,DICTIONARY,80,0.0
sensor_records,108,0,8,DICTIONARY,80,0.0
sensor_records,111,0,8,DICTIONARY,80,0.0
sensor_records,13,0,8,DICTIONARY,80,0.0
sensor_records,60,0,8,DICTIONARY,80,0.0
sensor_records,75,0,8,DICTIONARY,80,0.0
sensor_records,91,0,8,DICTIONARY,80,0.0
sensor_records,99,0,8,DICTIONARY,80,0.0
sensor_records,4,0,8,DICTIONARY,80,0.0
sensor_records,33,0,8,DICTIONARY,80,0.0
sensor_records,35,0,8,DICTIONARY,80,0.0
sensor_records,66,0,8,DICTIONARY,80,0.0
sensor_records,77,0,8,DICTIONARY,80,0.0
sensor_records,80,0,8,DICTIONARY,80,0.0
sensor_records,100,0,8,DICTIONARY,80,0.0
sensor_records,109,0,8,DICTIONARY,80,0.0
sensor_records,112,0,8,DICTIONARY,80,0.0
sensor_records,8,0,8,DICTIONARY,80,0.0
sensor_records,15,0,8,DICTIONARY,80,0.0
sensor_records,64,0,8,DICTIONARY,80,0.0
sensor_records,104,0,8,DICTIONARY,80,0.0
sensor_records,6,0,8,DICTIONARY,80,0.0
sensor_records,19,0,8,DICTIONARY,80,0.0
sensor_records,52,0,8,DICTIONARY,80,0.0
sensor_records,56,0,8,DICTIONARY,80,0.0
sensor_records,70,0,8,DICTIONARY,80,0.0
sensor_records,86,0,8,DICTIONARY,80,0.0
sensor_records,90,0,8,DICTIONARY,80,0.0
sensor_records,96,0,8,DICTIONARY,80,0.0
sensor_records,113,0,8,DICTIONARY,80,0.0
sensor_records,119,0,8,DICTIONARY,80,0.0
sensor_records,28,0,8,DICTIONARY,80,0.0
sensor_records,36,0,8,DICTIONARY,80,0.0
sensor_records,43,0,8,DICTIONARY,80,0.0
sensor_records,50,0,8,DICTIONARY,80,0.0
sensor_records,69,0,8,DICTIONARY,80,0.0
sensor_records,73,0,8,DICTIONARY,80,0.0
sensor_records,79,0,8,DICTIONARY,80,0.0
sensor_records,85,0,8,DICTIONARY,80,0.0
sensor_records,94,0,8,DICTIONARY,80,0.0
sensor_records,1,0,8,DICTIONARY,80,0.0
sensor_records,22,0,8,DICTIONARY,80,0.0
sensor_records,24,0,8,DICTIONARY,80,0.0
sensor_records,72,0,8,DICTIONARY,80,0.0
sensor_records,84,0,8,DICTIONARY,80,0.0
sensor_records,101,0,8,DICTIONARY,80,0.0
sensor_records,115,0,8,DICTIONARY,80,0.0
sensor_records,3,0,8,DICTIONARY,80,0.0
sensor_records,5,0,8,DICTIONARY,80,0.0
sensor_records,10,0,8,DICTIONARY,80,0.0
sensor_records,27,0,8,DICTIONARY,80,0.0
sensor_records,46,0,8,DICTIONARY,80,0.0
sensor_records,47,0,8,DICTIONARY,80,0.0
sensor_records,55,0,8,DICTIONARY,80,0.0
sensor_records,59,0,8,DICTIONARY,80,0.0
sensor_records,76,0,8,DICTIONARY,80,0.0
sensor_records,82,0,8,DICTIONARY,80,0.0
sensor_records,88,0,8,DICTIONARY,80,0.0
sensor_records,92,0,8,DICTIONARY,80,0.0
sensor_records,110,0,8,DICTIONARY,80,0.0
sensor_records,116,0,8,DICTIONARY,80,0.0
sensor_records,16,0,8,DICTIONARY,80,0.0
sensor_records,17,0,8,DICTIONARY,80,0.0
sensor_records,42,0,8,DICTIONARY,80,0.0
sensor_records,62,0,8,DICTIONARY,80,0.0
sensor_records,106,0,8,DICTIONARY,80,0.0
sensor_records,12,0,8,DICTIONARY,80,0.0
sensor_records,26,0,8,DICTIONARY,80,0.0
sensor_records,40,0,8,DICTIONARY,80,0.0
sensor_records,49,0,8,DICTIONARY,80,0.0
sensor_records,78,0,8,DICTIONARY,80,0.0
sensor_records,34,0,8,DICTIONARY,80,0.0
sensor_records,41,0,8,DICTIONARY,80,0.0
sensor_records,54,0,8,DICTIONARY,80,0.0
sensor_records,57,0,8,DICTIONARY,80,0.0
sensor_records,68,0,8,DICTIONARY,80,0.0
sensor_records,81,0,8,DICTIONARY,80,0.0
sensor_records,121,0,8,DICTIONARY,80,0.0
sensor_records,9,0,8,DICTIONARY,80,0.0
sensor_records,14,0,8,DICTIONARY,80,0.0
sensor_records,31,0,8,DICTIONARY,80,0.0
sensor_records,39,0,8,DICTIONARY,80,0.0
sensor_records,63,0,8,DICTIONARY,80,0.0
sensor_records,65,0,8,DICTIONARY,80,0.0
sensor_records,74,0,8,DICTIONARY,80,0.0
sensor_records,11,0,8,DICTIONARY,80,0.0
sensor_records,23,0,8,DICTIONARY,80,0.0
sensor_records,45,0,8,DICTIONARY,80,0.0
sensor_records,58,0,8,DICTIONARY,80,0.0
sensor_records,61,0,8,DICTIONARY,80,0.0
sensor_records,87,0,8,DICTIONARY,80,0.0
sensor_records,105,0,8,DICTIONARY,80,0.0
sensor_records,114,0,8,DICTIONARY,80,0.0
sensor_records,117,0,8,DICTIONARY,80,0.0
sensor_records,0,0,8,DICTIONARY,80,0.0
sensor_records,25,0,8,DICTIONARY,80,0.0
sensor_records,29,0,8,DICTIONARY,80,0.0
sensor_records,30,0,8,DICTIONARY,80,0.0
sensor_records,37,0,8,DICTIONARY,80,0.0
sensor_records,38,0,8,DICTIONARY,80,0.0
sensor_records,51,0,8,DICTIONARY,80,0.0
sensor_records,98,0,8,DICTIONARY,80,0.0
sensor_records,102,0,8,DICTIONARY,80,0.0
sensor_records,122,0,8,DICTIONARY,80,0.0
sensor_records,2,0,8,DICTIONARY,80,0.0
sensor_records,7,0,8,DICTIONARY,80,0.0
sensor_records,21,0,8,DICTIONARY,80,0.0
sensor_records,44,0,8,DICTIONARY,80,0.0
sensor_records,53,0,8,DICTIONARY,80,0.0
sensor_records,71,0,8,DICTIONARY,80,0.0
sensor_records,89,0,8,DICTIONARY,80,0.0
sensor_records,118,0,8,DICTIONARY,80,0.0
sensor_records,120,0,8,DICTIONARY,80,0.0
sensor_records,20,0,8,DICTIONARY,80,0.0
sensor_records,83,0,8,DICTIONARY,80,0.0
sensor_records,97,0,8,DICTIONARY,80,0.0
sensor_records,107,0,8,DICTIONARY,80,0.0
